현재소속(파일),선수명,시즌,당시소속팀,MIN_표시,MIN_분(소수),G,W,L,PTS,2PM,2PA,2P%,3PM,3PA,3P%,FGM,FGA,FG%,FTM,FTA,FT%,OREB,DREB,REB,AST,STL,BLK,GD,DK,DKA,TO,PF,PP,PPA,PP%,+/-,DD2,TD3
서울 삼성,박진철,2025-2026,고양 소노,3:28,3.47,6.0,2.0,4.0,0.5,0.2,0.8,20.0,0.0,0.0,0.0,0.2,0.8,20.0,0.2,0.3,50.0,0.7,0.5,1.2,0.0,0.2,0.0,0.0,0.0,0.0,0.2,0.7,0.2,0.8,20.0,0.5,0.0,0.0
서울 삼성,박진철,2024-2025,고양 소노,13:34,13.57,14.0,2.0,11.0,2.3,0.9,2.7,31.6,0.0,0.1,0.0,0.9,2.8,30.8,0.6,1.3,44.4,1.1,1.6,2.8,0.6,0.6,0.5,0.0,0.0,0.1,0.5,1.5,0.7,2.0,35.7,-6.0,0.0,0.0
서울 삼성,박진철,2022-2023,고양 캐롯,10:40,10.67,29.0,14.0,15.0,1.8,0.8,1.2,64.7,0.0,0.0,0.0,0.8,1.2,62.9,0.2,0.4,58.3,0.8,1.3,2.0,0.3,0.2,0.1,0.0,0.2,0.2,0.4,1.8,0.7,1.0,69.0,-2.2,0.0,0.0
서울 삼성,박진철,2021-2022,고양 오리온,9:20,9.33,24.0,11.0,13.0,2.2,1.0,1.5,63.9,0.0,0.0,0.0,1.0,1.5,63.9,0.3,0.6,42.9,0.9,1.1,2.0,0.3,0.4,0.4,0.0,0.3,0.3,0.3,1.5,0.9,1.5,62.9,-0.1,0.0,0.0
서울 삼성,박진철,2020-2021,고양 오리온,4:24,4.4,14.0,8.0,6.0,1.1,0.4,0.9,46.2,0.0,0.0,0.0,0.4,0.9,46.2,0.3,0.4,80.0,0.6,0.6,1.3,0.2,0.2,0.1,0.0,0.1,0.1,0.1,1.0,0.4,0.9,50.0,-1.3,0.0,0.0
서울 삼성,신동혁,2025-2026,서울 삼성,13:34,13.57,35.0,8.0,27.0,2.4,0.3,0.8,39.3,0.5,1.9,27.9,0.9,2.7,31.3,0.1,0.2,83.3,0.4,1.0,1.4,0.8,0.3,0.1,0.0,0.0,0.0,0.5,1.2,0.2,0.4,50.0,-2.3,0.0,0.0
서울 삼성,신동혁,2023-2024,서울 삼성,25:29,25.48,43.0,13.0,30.0,6.8,1.2,2.7,43.5,1.3,3.8,34.8,2.5,6.5,38.4,0.5,0.7,67.7,0.4,2.1,2.5,1.3,0.5,0.2,0.0,0.0,0.0,0.7,2.2,0.7,1.5,50.0,-3.9,0.0,0.0
서울 삼성,신동혁,2022-2023,서울 삼성,18:15,18.25,54.0,14.0,40.0,5.7,1.2,2.6,46.9,1.0,2.2,44.9,2.2,4.8,46.0,0.3,0.4,80.0,0.6,1.1,1.7,0.8,0.3,0.0,0.0,0.0,0.0,0.7,1.7,0.8,1.4,56.4,-4.3,0.0,0.0
서울 삼성,여준형,2025-2026,부산 KCC,3:04,3.07,2.0,1.0,1.0,1.0,0.5,0.5,100.0,0.0,0.0,0.0,0.5,0.5,100.0,0.0,0.0,0.0,0.0,0.5,0.5,0.0,0.0,0.0,0.0,0.0,0.0,0.0,0.0,0.5,0.5,100.0,1.0,0.0,0.0
서울 삼성,여준형,2024-2025,부산 KCC,8:47,8.78,23.0,8.0,15.0,1.9,0.7,1.3,55.2,0.0,0.1,33.3,0.7,1.4,53.1,0.4,0.8,47.4,0.2,0.7,0.9,0.4,0.2,0.0,0.0,0.0,0.0,0.3,1.2,0.7,1.2,59.3,-1.9,0.0,0.0
서울 삼성,여준형,2023-2024,부산 KCC,5:30,5.5,21.0,10.0,11.0,1.0,0.4,0.9,42.1,0.0,0.2,20.0,0.4,1.1,37.5,0.1,0.3,33.3,0.3,0.2,0.5,0.1,0.1,0.0,0.0,0.0,0.0,0.0,0.7,0.3,0.8,43.8,-2.0,0.0,0.0
서울 삼성,윤성원,2025-2026,서울 삼성,11:26,11.43,16.0,7.0,9.0,2.1,0.5,0.8,61.5,0.3,1.4,21.7,0.8,2.3,36.1,0.2,0.3,75.0,1.1,0.5,1.6,0.6,0.4,0.1,0.1,0.0,0.0,0.3,1.5,0.4,0.6,60.0,0.6,0.0,0.0
서울 삼성,윤성원,2024-2025,서울 삼성,5:47,5.78,23.0,7.0,16.0,2.3,0.3,0.5,66.7,0.5,1.0,45.8,0.8,1.6,52.8,0.2,0.3,66.7,0.5,0.6,1.1,0.3,0.1,0.0,0.0,0.0,0.0,0.3,1.1,0.3,0.3,75.0,1.0,0.0,0.0
서울 삼성,윤성원,2023-2024,서울 삼성,12:53,12.88,44.0,12.0,32.0,3.2,0.6,1.1,51.0,0.6,2.2,29.2,1.2,3.3,36.6,0.2,0.2,77.8,0.5,1.4,1.9,0.4,0.3,0.1,0.0,0.0,0.0,0.3,1.9,0.5,0.8,60.0,-2.0,0.0,0.0
서울 삼성,윤성원,2022-2023,원주 DB,7:03,7.05,26.0,10.0,16.0,2.7,0.6,1.0,60.0,0.5,1.3,36.4,1.0,2.2,46.6,0.2,0.3,57.1,0.6,0.8,1.4,0.2,0.2,0.1,0.0,0.0,0.0,0.4,1.1,0.4,0.7,61.1,-1.8,0.0,0.0
서울 삼성,윤성원,2019-2020,원주 DB,8:31,8.52,30.0,19.0,11.0,2.0,0.3,0.6,47.1,0.5,1.3,37.5,0.8,1.9,40.4,0.0,0.0,0.0,0.5,0.7,1.2,0.2,0.3,0.0,0.0,0.0,0.0,0.5,1.1,0.2,0.4,50.0,-1.1,0.0,0.0
서울 삼성,윤성원,2018-2019,원주 DB,8:15,8.25,10.0,3.0,7.0,2.7,0.7,2.0,35.0,0.4,1.1,36.4,1.1,3.1,35.5,0.1,0.2,50.0,0.6,1.0,1.6,0.2,0.2,0.1,0.0,0.0,0.0,0.5,0.8,0.3,1.2,25.0,-4.7,0.0,0.0
서울 삼성,이관희,2025-2026,서울 삼성,24:54,24.9,54.0,16.0,38.0,10.3,1.9,4.6,41.9,1.8,4.9,36.8,3.7,9.5,39.3,1.0,1.4,74.3,0.5,2.0,2.5,2.6,1.0,0.1,0.1,0.0,0.0,1.3,1.6,1.3,2.7,47.3,-2.3,0.0,0.0
서울 삼성,이관희,2024-2025,원주 DB,21:54,21.9,42.0,17.0,25.0,9.6,1.6,3.3,48.6,1.7,4.8,35.5,3.3,8.2,40.8,1.2,1.4,84.7,0.2,2.1,2.3,1.4,0.6,0.3,0.0,0.0,0.0,1.2,1.4,1.4,2.4,57.4,-2.6,0.0,0.0
서울 삼성,이관희,2023-2024,창원 LG,19:54,19.9,54.0,36.0,18.0,9.3,1.8,4.0,43.6,1.5,4.4,33.2,3.2,8.4,38.2,1.4,1.7,85.6,0.3,1.6,1.9,1.1,0.4,0.1,0.1,0.0,0.0,0.7,0.9,1.2,2.4,52.0,2.3,0.0,0.0
서울 삼성,이관희,2022-2023,창원 LG,24:41,24.68,54.0,36.0,18.0,11.3,2.2,5.1,44.3,1.9,5.6,34.0,4.1,10.6,38.9,1.2,1.6,71.9,0.3,2.4,2.7,1.9,1.1,0.2,0.1,0.0,0.0,1.1,1.5,1.5,2.9,51.0,2.7,0.0,0.0
서울 삼성,이관희,2021-2022,창원 LG,30:46,30.77,53.0,24.0,29.0,14.1,3.1,7.6,40.9,1.9,6.3,30.8,5.0,13.9,36.3,2.1,2.4,85.9,0.6,2.7,3.3,2.9,1.2,0.2,0.0,0.0,0.0,1.6,1.8,1.9,4.0,47.1,-0.3,0.0,0.0
서울 삼성,이관희,2020-2021,창원 LG,34:06,34.1,14.0,6.0,8.0,17.7,4.2,10.1,41.5,2.4,7.1,34.3,6.6,17.2,38.6,2.0,2.4,82.4,1.3,3.5,4.8,6.2,1.6,0.6,0.0,0.0,0.0,2.6,1.6,2.5,5.9,42.2,-5.1,0.2,0.0
서울 삼성,이관희,2020-2021,서울 삼성,22:32,22.53,36.0,16.0,20.0,11.0,2.8,5.3,53.2,1.2,3.7,33.1,4.0,9.0,44.9,1.7,2.1,83.8,0.6,2.9,3.5,2.3,1.7,0.1,0.1,0.0,0.0,1.3,2.0,2.3,4.3,53.2,-0.7,0.0,0.0
서울 삼성,이관희,2019-2020,서울 삼성,22:58,22.97,40.0,18.0,22.0,10.6,2.6,5.0,51.2,1.4,4.0,33.8,3.9,9.0,43.5,1.4,1.7,81.2,0.7,2.5,3.2,1.7,1.3,0.2,0.0,0.0,0.0,1.2,1.7,2.1,3.9,54.5,0.3,0.0,0.0
서울 삼성,이관희,2018-2019,서울 삼성,29:49,29.82,43.0,11.0,32.0,13.5,3.1,6.4,47.7,1.7,5.5,31.5,4.8,12.0,40.2,2.1,2.6,82.0,0.9,2.9,3.8,1.7,1.4,0.2,0.0,0.0,0.0,1.6,2.3,2.5,5.1,48.4,-5.8,0.0,0.0
서울 삼성,이관희,2017-2018,서울 삼성,20:27,20.45,53.0,25.0,28.0,8.4,2.2,4.5,48.7,1.0,2.5,40.2,3.2,7.0,45.7,1.0,1.2,81.8,0.6,1.8,2.4,1.2,1.1,0.3,0.0,0.0,0.0,0.9,2.1,1.9,3.6,52.3,0.5,0.0,0.0
서울 삼성,이관희,2016-2017,서울 삼성,11:13,11.22,54.0,34.0,20.0,3.6,0.9,1.9,45.1,0.4,1.3,32.9,1.3,3.2,40.1,0.6,0.8,83.3,0.2,1.2,1.4,0.9,0.6,0.1,0.0,0.0,0.0,0.7,1.2,0.7,1.5,48.1,0.8,0.0,0.0
서울 삼성,이관희,2015-2016,서울 삼성,13:33,13.55,9.0,4.0,5.0,3.0,0.8,1.6,50.0,0.3,1.7,20.0,1.1,3.2,34.5,0.4,0.7,66.7,0.3,0.8,1.1,0.9,0.7,0.3,0.0,0.0,0.0,0.9,1.7,0.8,1.3,58.3,0.9,0.0,0.0
서울 삼성,이관희,2013-2014,서울 삼성,18:31,18.52,46.0,14.0,32.0,8.1,2.2,4.4,51.0,0.8,2.2,35.6,3.0,6.6,45.9,1.2,1.6,76.0,0.6,1.4,2.0,1.2,0.9,0.3,0.0,0.0,0.0,0.8,1.0,2.1,3.8,54.2,-3.2,0.0,0.0
서울 삼성,이관희,2012-2013,서울 삼성,12:31,12.52,31.0,10.0,21.0,5.0,1.7,3.5,49.1,0.3,1.2,21.6,2.0,4.7,42.2,0.8,0.8,92.3,0.7,1.2,1.9,1.0,1.0,0.1,0.0,0.0,0.0,0.9,1.2,1.6,2.9,55.1,-2.5,0.0,0.0
서울 삼성,이관희,2011-2012,서울 삼성,11:55,11.92,45.0,12.0,33.0,4.8,1.7,3.3,52.0,0.2,0.7,30.0,1.9,4.0,48.3,0.7,1.0,71.1,0.7,0.9,1.6,0.8,0.6,0.1,0.1,0.0,0.0,0.7,1.4,1.7,3.1,54.3,-1.4,0.0,0.0
서울 삼성,이규태,2025-2026,서울 삼성,15:43,15.72,38.0,9.0,29.0,5.9,0.9,1.8,52.9,1.2,3.2,38.5,2.2,5.0,43.7,0.3,0.4,85.7,0.7,1.1,1.8,0.5,0.2,0.2,0.0,0.0,0.0,0.5,2.4,0.7,1.2,59.1,-4.5,0.0,0.0
서울 삼성,이근휘,2025-2026,서울 삼성,16:24,16.4,54.0,16.0,38.0,5.3,0.1,0.2,60.0,1.6,4.2,38.4,1.7,4.4,39.3,0.2,0.3,85.7,0.3,0.9,1.3,1.1,0.4,0.1,0.0,0.0,0.0,0.5,0.8,0.1,0.1,75.0,-0.1,0.0,0.0
서울 삼성,이근휘,2024-2025,부산 KCC,14:44,14.73,52.0,18.0,34.0,5.1,0.1,0.3,37.5,1.6,3.7,42.5,1.7,4.0,42.1,0.1,0.1,85.7,0.4,0.8,1.2,0.5,0.4,0.0,0.0,0.0,0.0,0.4,0.7,0.1,0.2,27.3,-0.7,0.0,0.0
서울 삼성,이근휘,2023-2024,부산 KCC,13:51,13.85,53.0,29.0,24.0,4.2,0.4,0.7,50.0,1.1,2.6,41.6,1.4,3.3,43.4,0.3,0.4,78.9,0.4,0.8,1.2,0.5,0.4,0.0,0.0,0.0,0.0,0.2,1.1,0.3,0.5,60.0,-0.9,0.0,0.0
서울 삼성,이근휘,2022-2023,전주 KCC,17:12,17.2,54.0,24.0,30.0,4.7,0.3,0.8,31.8,1.3,3.3,38.9,1.6,4.1,37.5,0.3,0.3,83.3,0.4,1.2,1.7,0.5,0.3,0.0,0.1,0.0,0.0,0.3,1.3,0.2,0.4,50.0,-0.2,0.0,0.0
서울 삼성,이근휘,2021-2022,전주 KCC,17:43,17.72,26.0,8.0,18.0,5.8,0.8,1.4,61.1,1.2,3.5,35.2,2.1,4.9,42.5,0.4,0.6,73.3,0.3,0.6,1.0,0.8,0.5,0.0,0.0,0.0,0.0,0.5,1.3,0.7,0.8,81.0,-0.7,0.0,0.0
서울 삼성,이대성,2025-2026,서울 삼성,23:47,23.78,12.0,5.0,7.0,6.8,1.8,4.6,38.2,0.7,3.0,22.2,2.4,7.6,31.9,1.3,1.4,88.2,0.4,2.9,3.3,2.6,1.2,0.0,0.2,0.0,0.0,1.9,1.8,0.9,2.7,34.4,-1.7,0.0,0.0
서울 삼성,이대성,2022-2023,대구 한국가스공사,32:10,32.17,51.0,17.0,34.0,18.1,5.2,10.4,50.0,1.3,4.2,31.2,6.5,14.6,44.6,3.7,4.3,86.8,0.6,2.5,3.1,4.1,1.3,0.3,0.1,0.0,0.0,2.5,2.2,3.6,6.3,57.7,-1.7,0.0,0.0
서울 삼성,이대성,2021-2022,고양 오리온,31:24,31.4,50.0,25.0,25.0,17.0,4.6,9.2,49.8,1.5,4.2,35.9,6.1,13.4,45.4,3.3,4.0,83.1,0.8,2.1,2.9,3.9,0.8,0.1,0.1,0.0,0.0,2.4,1.6,3.0,5.6,54.1,-0.8,0.0,0.0
서울 삼성,이대성,2020-2021,고양 오리온,32:33,32.55,54.0,28.0,26.0,14.8,3.5,7.0,50.0,1.9,5.2,36.0,5.4,12.3,44.0,2.1,2.5,81.0,0.7,3.5,4.2,5.4,1.9,0.2,0.1,0.0,0.0,2.8,2.2,2.5,4.4,56.6,2.1,0.1,0.0
서울 삼성,이대성,2019-2020,전주 KCC,23:23,23.38,23.0,11.0,12.0,10.8,1.7,3.5,48.1,2.0,5.7,35.4,3.7,9.2,40.3,1.4,1.7,84.6,0.3,2.4,2.7,1.9,0.6,0.1,0.0,0.0,0.0,1.6,1.5,1.3,2.6,52.5,-2.3,0.0,0.0
서울 삼성,이대성,2019-2020,울산 현대모비스,26:52,26.87,11.0,6.0,5.0,13.5,1.5,4.4,35.4,3.1,8.1,38.2,4.6,12.5,37.2,1.2,2.0,59.1,0.2,2.4,2.5,5.1,0.8,0.1,0.0,0.0,0.0,3.0,1.7,1.2,2.8,41.9,2.2,0.1,0.0
서울 삼성,이대성,2018-2019,울산 현대모비스,28:23,28.38,34.0,29.0,5.0,14.1,2.9,5.1,56.0,2.1,5.9,36.7,5.0,11.0,45.7,1.9,2.3,83.3,0.3,2.4,2.8,3.6,1.5,0.2,0.1,0.0,0.0,2.7,2.1,2.2,3.7,59.1,6.9,0.0,0.0
서울 삼성,이대성,2017-2018,울산 현대모비스,25:04,25.07,30.0,20.0,10.0,12.1,2.7,5.5,49.1,1.6,5.5,29.1,4.3,11.0,39.1,1.9,2.2,83.6,0.5,2.4,2.9,2.6,0.9,0.2,0.1,0.0,0.1,2.3,2.4,2.3,4.0,57.1,2.4,0.0,0.0
서울 삼성,이대성,2016-2017,울산 모비스,29:08,29.13,7.0,3.0,4.0,7.7,1.4,4.1,34.5,1.4,5.0,28.6,2.9,9.1,31.3,0.6,0.6,100.0,1.3,4.3,5.6,4.3,0.7,0.0,0.0,0.0,0.0,2.6,1.6,1.1,2.4,47.1,-2.3,0.0,0.0
서울 삼성,이대성,2014-2015,울산 모비스,12:37,12.62,26.0,17.0,9.0,2.4,0.5,1.4,38.9,0.3,1.6,19.5,0.8,3.0,28.6,0.4,0.8,55.0,0.3,1.0,1.2,1.7,0.6,0.1,0.0,0.0,0.0,1.0,1.2,0.4,0.8,50.0,0.9,0.0,0.0
서울 삼성,이대성,2013-2014,울산 모비스,24:26,24.43,42.0,32.0,10.0,7.8,1.5,3.9,39.3,1.4,3.6,37.3,2.9,7.5,38.3,0.7,1.0,65.1,0.3,1.8,2.1,2.9,1.1,0.2,0.1,0.0,0.0,1.6,2.0,1.0,2.5,41.7,3.5,0.0,0.0
서울 삼성,임동언,2025-2026,서울 삼성,7:28,7.47,7.0,1.0,6.0,2.3,0.4,0.6,75.0,0.4,1.1,37.5,0.9,1.7,50.0,0.1,0.1,100.0,0.4,0.9,1.3,0.3,0.3,0.1,0.0,0.0,0.0,0.1,0.9,0.4,0.4,100.0,0.3,0.0,0.0
서울 삼성,임동언,2024-2025,서울 삼성,2:30,2.5,9.0,3.0,6.0,0.6,0.1,0.2,50.0,0.1,0.3,33.3,0.2,0.6,40.0,0.0,0.0,0.0,0.0,0.2,0.2,0.0,0.1,0.0,0.0,0.0,0.0,0.0,0.2,0.1,0.2,50.0,-0.1,0.0,0.0
서울 삼성,저스틴 구탕,2025-2026,서울 삼성,26:12,26.2,53.0,16.0,37.0,8.6,2.2,4.1,52.8,1.2,3.1,38.8,3.4,7.2,46.7,0.7,0.9,70.0,0.6,3.5,4.2,3.8,1.3,0.5,0.1,0.2,0.2,1.7,2.6,1.5,2.7,57.4,-1.8,0.0,0.0
서울 삼성,저스틴 구탕,2024-2025,서울 삼성,24:25,24.42,52.0,16.0,36.0,9.8,2.8,5.3,53.1,1.2,3.3,36.0,4.0,8.6,46.5,0.6,1.0,66.0,0.6,3.5,4.1,2.7,1.5,0.3,0.1,0.6,0.6,1.6,2.5,2.3,3.8,60.3,-2.2,0.0,0.0
서울 삼성,저스틴 구탕,2023-2024,창원 LG,15:45,15.75,53.0,35.0,18.0,8.5,2.9,4.7,61.5,0.7,1.2,54.7,3.5,5.9,60.1,0.8,1.1,73.3,0.7,2.4,3.1,2.4,0.6,0.2,0.1,0.4,0.4,1.2,1.8,2.5,3.8,65.5,3.2,0.0,0.0
서울 삼성,저스틴 구탕,2022-2023,창원 LG,13:37,13.62,44.0,31.0,13.0,4.5,1.9,3.4,55.6,0.1,0.4,16.7,2.0,3.8,51.5,0.5,0.6,75.0,0.4,1.9,2.3,2.5,0.7,0.1,0.1,0.2,0.3,1.2,1.5,1.5,2.5,57.1,2.2,0.0,0.0
서울 삼성,정성조,2025-2026,서울 삼성,6:47,6.78,9.0,1.0,8.0,1.6,0.3,1.2,27.3,0.1,1.0,11.1,0.4,2.2,20.0,0.6,0.7,83.3,0.3,0.4,0.8,0.7,0.2,0.3,0.0,0.0,0.0,0.6,1.9,0.2,0.9,25.0,-2.1,0.0,0.0
서울 삼성,정성조,2025-2026,고양 소노,2:51,2.85,5.0,4.0,1.0,0.0,0.0,0.2,0.0,0.0,0.6,0.0,0.0,0.8,0.0,0.0,0.0,0.0,0.6,0.4,1.0,0.4,0.0,0.0,0.0,0.0,0.0,0.0,0.4,0.0,0.2,0.0,-0.8,0.0,0.0
서울 삼성,정성조,2024-2025,고양 소노,9:10,9.17,18.0,7.0,10.0,3.4,0.9,1.6,58.6,0.4,1.6,24.1,1.3,3.2,41.4,0.4,0.7,53.8,0.4,1.2,1.6,1.1,0.3,0.3,0.1,0.0,0.0,0.7,1.4,0.9,1.4,61.5,-1.1,0.0,0.0
서울 삼성,조준희,2024-2025,서울 삼성,2:57,2.95,4.0,1.0,3.0,0.5,0.3,0.5,50.0,0.0,0.8,0.0,0.3,1.3,20.0,0.0,0.0,0.0,0.0,0.5,0.5,0.0,0.0,0.0,0.0,0.0,0.0,0.0,0.5,0.3,0.5,50.0,0.0,0.0,0.0
서울 삼성,조준희,2023-2024,서울 삼성,8:25,8.42,19.0,5.0,14.0,2.8,0.6,1.5,37.9,0.4,1.8,20.6,0.9,3.3,28.6,0.5,0.8,66.7,0.3,0.7,1.1,0.3,0.4,0.1,0.1,0.0,0.0,0.5,1.2,0.5,1.1,45.0,-3.3,0.0,0.0
서울 삼성,최성모,2025-2026,서울 삼성,13:50,13.83,35.0,13.0,22.0,3.1,0.4,0.7,50.0,0.6,2.2,27.6,1.0,2.9,33.3,0.5,0.9,63.3,0.1,0.7,0.9,1.4,0.4,0.0,0.2,0.0,0.0,0.7,2.0,0.2,0.4,50.0,0.3,0.0,0.0
서울 삼성,최성모,2024-2025,서울 삼성,28:04,28.07,51.0,15.0,36.0,9.3,1.3,3.0,44.1,1.8,5.2,34.7,3.1,8.2,38.1,1.2,1.5,80.5,0.5,2.8,3.2,3.2,0.7,0.1,0.2,0.0,0.0,1.7,3.1,1.1,2.4,47.2,-1.4,0.0,0.0
서울 삼성,최성모,2023-2024,수원 KT,11:33,11.55,35.0,19.0,16.0,3.1,0.7,1.3,54.5,0.5,1.4,33.3,1.1,2.6,43.5,0.3,0.6,60.0,0.2,1.4,1.6,1.1,0.3,0.2,0.1,0.0,0.0,0.4,1.4,0.6,1.0,62.9,1.9,0.0,0.0
서울 삼성,최성모,2022-2023,수원 KT,15:32,15.53,50.0,18.0,32.0,4.1,0.6,1.4,45.6,0.6,2.0,32.0,1.3,3.4,37.5,0.9,1.3,71.2,0.7,1.1,1.8,1.7,0.8,0.1,0.1,0.0,0.0,0.6,1.8,0.6,1.0,56.0,-1.4,0.0,0.0
서울 삼성,최성모,2021-2022,수원 KT,8:33,8.55,8.0,5.0,3.0,2.5,0.9,1.3,70.0,0.1,0.8,16.7,1.0,2.0,50.0,0.4,0.6,60.0,0.3,0.5,0.8,1.1,0.3,0.0,0.0,0.0,0.0,0.3,1.3,0.9,1.3,70.0,-4.4,0.0,0.0
서울 삼성,최성모,2019-2020,부산 KT,18:24,18.4,39.0,17.0,22.0,6.0,1.5,2.6,56.4,0.7,1.9,37.0,2.2,4.5,48.3,1.0,1.2,79.2,0.4,1.5,1.9,2.0,0.6,0.2,0.2,0.0,0.0,0.7,1.7,1.2,1.9,60.5,-1.5,0.0,0.0
서울 삼성,최성모,2018-2019,부산 KT,17:00,17.0,21.0,10.0,11.0,4.2,0.8,1.8,43.2,0.5,1.9,25.6,1.2,3.6,34.2,1.2,1.8,70.3,0.6,1.7,2.3,1.3,0.5,0.2,0.1,0.0,0.0,0.9,1.4,0.7,1.3,50.0,-1.3,0.0,0.0
서울 삼성,최성모,2018-2019,원주 DB,7:51,7.85,17.0,7.0,10.0,2.6,0.7,1.6,42.9,0.3,1.1,26.3,1.0,2.8,36.2,0.4,0.5,66.7,0.2,0.6,0.8,0.6,0.1,0.0,0.2,0.0,0.0,0.3,0.7,0.6,1.3,50.0,-2.5,0.0,0.0
서울 삼성,최성모,2017-2018,원주 DB,10:02,10.03,16.0,11.0,5.0,2.8,0.6,1.4,45.5,0.4,0.8,50.0,1.0,2.1,47.1,0.4,0.8,50.0,0.4,0.6,0.9,0.6,0.3,0.1,0.1,0.0,0.0,0.5,1.3,0.6,0.9,66.7,0.9,0.0,0.0
서울 삼성,최성모,2016-2017,원주 동부,9:29,9.48,34.0,17.0,17.0,1.9,0.4,1.3,34.9,0.3,0.7,36.0,0.7,2.0,35.3,0.3,0.4,64.3,0.2,0.7,0.9,0.6,0.2,0.0,0.0,0.0,0.0,0.6,1.5,0.2,0.6,38.1,-1.8,0.0,0.0
서울 삼성,최현민,2025-2026,서울 삼성,14:48,14.8,47.0,14.0,33.0,3.7,0.4,0.9,43.2,0.8,2.2,35.9,1.2,3.1,38.1,0.5,0.7,67.6,0.8,1.2,2.0,1.0,0.4,0.1,0.1,0.0,0.0,0.5,1.9,0.4,0.7,51.5,-2.0,0.0,0.0
서울 삼성,최현민,2024-2025,서울 삼성,18:27,18.45,54.0,16.0,38.0,5.2,0.6,1.3,43.1,1.2,3.4,34.2,1.7,4.7,36.7,0.6,0.9,63.8,0.8,1.8,2.6,1.0,0.5,0.1,0.1,0.0,0.0,0.6,1.8,0.5,1.0,50.0,-0.9,0.0,0.0
서울 삼성,최현민,2023-2024,고양 소노,18:39,18.65,36.0,14.0,22.0,4.7,0.8,1.7,46.7,0.9,2.9,31.1,1.7,4.5,36.8,0.4,0.8,59.3,1.1,1.7,2.8,1.1,0.3,0.1,0.1,0.0,0.0,0.4,2.3,0.7,1.5,49.1,-0.3,0.0,0.0
서울 삼성,최현민,2022-2023,고양 캐롯,18:50,18.83,46.0,24.0,22.0,5.5,0.6,1.3,41.9,1.2,3.7,32.6,1.8,5.1,35.0,0.7,0.9,72.1,1.2,1.9,3.1,0.6,0.4,0.1,0.2,0.0,0.0,0.3,2.2,0.5,1.0,53.3,2.7,0.0,0.0
서울 삼성,최현민,2021-2022,고양 오리온,15:55,15.92,43.0,20.0,23.0,3.7,0.7,1.5,43.1,0.7,2.1,30.8,1.3,3.6,35.9,0.4,0.6,63.0,1.0,0.9,1.8,0.6,0.5,0.1,0.1,0.0,0.0,0.6,1.1,0.6,1.2,50.0,-1.4,0.0,0.0
서울 삼성,최현민,2020-2021,고양 오리온,10:27,10.45,38.0,21.0,17.0,3.2,0.7,1.5,50.0,0.5,1.4,36.5,1.2,2.8,43.5,0.3,0.6,47.6,0.7,0.6,1.3,0.5,0.2,0.1,0.1,0.0,0.0,0.3,0.8,0.7,1.2,55.6,-0.8,0.0,0.0
서울 삼성,최현민,2020-2021,전주 KCC,3:43,3.72,2.0,1.0,1.0,0.0,0.0,0.5,0.0,0.0,0.0,0.0,0.0,0.5,0.0,0.0,0.0,0.0,0.0,0.5,0.5,0.5,0.0,0.0,0.0,0.0,0.0,0.0,1.0,0.0,0.5,0.0,0.0,0.0,0.0
서울 삼성,최현민,2019-2020,전주 KCC,7:44,7.73,23.0,14.0,9.0,2.1,0.6,1.3,48.3,0.2,0.8,21.1,0.8,2.1,37.5,0.3,0.7,47.1,0.3,0.6,1.0,0.3,0.1,0.0,0.1,0.0,0.0,0.6,1.1,0.5,1.0,50.0,-1.4,0.0,0.0
서울 삼성,최현민,2018-2019,안양 KGC,18:41,18.68,54.0,25.0,29.0,5.3,1.4,2.7,51.0,0.6,1.8,32.3,2.0,4.5,43.6,0.8,1.4,59.5,1.6,1.8,3.4,0.8,0.5,0.2,0.0,0.0,0.0,0.6,2.4,1.3,2.5,52.6,-1.4,0.0,0.0
서울 삼성,최현민,2017-2018,안양 KGC,8:36,8.6,30.0,15.0,15.0,1.5,0.3,0.8,34.8,0.2,0.5,37.5,0.5,1.3,35.9,0.4,0.4,91.7,0.5,0.8,1.3,0.4,0.3,0.0,0.0,0.0,0.0,0.2,1.6,0.2,0.5,43.8,-1.9,0.0,0.0
서울 삼성,최현민,2016-2017,안양 KGC,3:04,3.07,3.0,3.0,0.0,0.0,0.0,0.0,0.0,0.0,0.0,0.0,0.0,0.0,0.0,0.0,0.0,0.0,0.0,0.3,0.3,0.0,0.0,0.0,0.0,0.0,0.0,0.0,0.7,0.0,0.0,0.0,-2.3,0.0,0.0
서울 삼성,최현민,2014-2015,안양 KGC,18:36,18.6,53.0,23.0,30.0,6.2,1.5,3.5,43.7,0.7,2.2,31.1,2.2,5.7,38.7,1.1,1.5,72.2,1.0,1.6,2.6,1.0,0.5,0.2,0.0,0.0,0.0,0.9,2.5,1.3,2.8,45.9,-2.2,0.0,0.0
서울 삼성,최현민,2013-2014,안양 KGC,23:09,23.15,52.0,18.0,34.0,7.3,1.8,4.0,44.9,0.7,2.1,33.3,2.5,6.1,40.9,1.6,2.2,72.4,1.2,1.7,2.9,0.7,0.6,0.2,0.1,0.0,0.0,1.0,2.5,1.5,3.0,50.0,-3.9,0.0,0.0
서울 삼성,최현민,2012-2013,안양 KGC,22:21,22.35,52.0,28.0,24.0,7.2,1.9,4.1,47.4,0.7,2.3,31.4,2.7,6.4,41.6,1.1,1.7,65.1,1.1,1.7,2.8,1.0,0.7,0.2,0.1,0.0,0.0,0.8,2.6,1.4,2.9,47.3,-1.5,0.0,0.0
서울 삼성,케렘 칸터,2025-2026,서울 삼성,23:33,23.55,54.0,16.0,38.0,17.3,5.6,10.4,54.0,0.5,1.2,37.3,6.1,11.6,52.2,4.7,6.2,76.6,2.4,6.7,9.1,2.6,0.9,0.3,0.0,0.1,0.1,1.9,2.1,5.1,9.1,56.1,-1.2,0.5,0.0
서울 삼성,한호빈,2025-2026,서울 삼성,25:21,25.35,47.0,14.0,33.0,6.7,0.6,1.4,44.6,1.6,4.2,38.7,2.3,5.6,40.2,0.5,0.7,75.8,0.5,1.6,2.2,3.5,0.9,0.1,0.3,0.0,0.0,1.6,2.4,0.4,0.7,61.8,-3.6,0.0,0.0
서울 삼성,한호빈,2024-2025,울산 현대모비스,18:13,18.22,52.0,31.0,21.0,3.6,0.4,0.9,40.4,0.9,2.7,32.4,1.3,3.6,34.4,0.2,0.3,66.7,0.5,1.1,1.6,1.9,0.7,0.0,0.2,0.0,0.0,0.8,2.3,0.2,0.5,40.0,0.4,0.0,0.0
서울 삼성,한호빈,2023-2024,고양 소노,24:15,24.25,43.0,15.0,28.0,7.2,1.2,2.4,48.6,1.3,4.6,29.3,2.5,7.0,36.0,0.8,1.1,72.3,0.5,1.5,2.0,3.7,0.9,0.0,0.2,0.0,0.0,1.0,2.1,0.8,1.5,54.0,-2.7,0.0,0.0
서울 삼성,한호빈,2022-2023,고양 캐롯,22:26,22.43,31.0,17.0,14.0,5.5,0.8,1.4,59.1,1.1,3.6,29.7,1.9,5.0,38.1,0.6,0.7,81.8,0.6,1.2,1.7,2.8,0.7,0.1,0.0,0.0,0.0,1.1,1.8,0.7,1.1,66.7,0.1,0.0,0.0
서울 삼성,한호빈,2021-2022,고양 오리온,24:42,24.7,44.0,22.0,22.0,7.8,1.2,2.3,50.5,1.5,3.9,37.2,2.6,6.2,42.1,1.1,1.4,76.2,0.3,1.7,2.0,2.8,0.8,0.0,0.1,0.0,0.0,1.1,2.0,0.9,1.5,63.1,0.6,0.0,0.0
서울 삼성,한호빈,2020-2021,고양 오리온,26:01,26.02,54.0,28.0,26.0,7.6,1.0,2.4,43.8,1.5,3.9,38.8,2.5,6.2,40.7,1.0,1.2,80.6,0.6,1.7,2.3,3.2,0.8,0.1,0.1,0.0,0.0,1.6,1.4,0.7,1.6,46.4,3.3,0.0,0.0
서울 삼성,한호빈,2019-2020,고양 오리온,22:44,22.73,24.0,6.0,18.0,7.6,1.7,3.5,48.2,1.0,3.2,31.2,2.7,6.8,40.1,1.2,1.5,80.6,0.5,1.9,2.3,3.8,0.5,0.0,0.0,0.0,0.0,1.5,2.1,1.3,2.2,56.6,-5.5,0.0,0.0
서울 삼성,한호빈,2018-2019,고양 오리온,18:33,18.55,35.0,17.0,18.0,5.9,1.4,2.7,52.1,0.7,2.1,36.1,2.1,4.7,45.2,0.9,1.1,77.5,0.1,1.0,1.1,2.5,0.6,0.0,0.0,0.0,0.0,1.5,2.1,1.2,1.9,61.2,-0.6,0.0,0.0
서울 삼성,한호빈,2017-2018,고양 오리온,31:40,31.67,21.0,10.0,11.0,8.5,2.0,3.9,51.9,1.3,3.5,37.0,3.3,7.3,44.8,0.7,0.9,77.8,0.4,1.5,2.0,5.0,1.2,0.0,0.0,0.0,0.0,2.4,3.0,1.4,2.4,58.8,0.6,0.0,0.0
서울 삼성,한호빈,2015-2016,고양 오리온,12:19,12.32,27.0,14.0,13.0,3.0,0.4,1.2,36.4,0.6,1.1,51.6,1.0,2.4,43.8,0.3,0.4,75.0,0.1,0.6,0.7,1.8,0.3,0.0,0.0,0.0,0.0,0.7,0.8,0.4,0.7,52.6,-0.7,0.0,0.0
서울 삼성,한호빈,2014-2015,고양 오리온스,17:24,17.4,48.0,29.0,19.0,4.0,1.4,3.2,44.8,0.2,0.9,20.5,1.6,4.1,39.4,0.5,0.7,71.4,0.3,1.2,1.5,2.1,0.6,0.1,0.0,0.0,0.0,1.5,1.3,1.1,2.0,55.7,-0.9,0.0,0.0
서울 삼성,한호빈,2013-2014,고양 오리온스,12:11,12.18,46.0,24.0,22.0,2.8,0.8,2.3,37.5,0.2,0.8,19.4,1.0,3.0,32.9,0.7,0.8,78.9,0.4,0.7,1.1,1.8,0.3,0.1,0.0,0.0,0.0,0.9,1.0,0.4,1.1,38.8,-1.2,0.0,0.0
서울 삼성,황영찬,2025-2026,서울 삼성,7:09,7.15,3.0,1.0,2.0,1.3,0.7,1.3,50.0,0.0,0.7,0.0,0.7,2.0,33.3,0.0,0.7,0.0,0.3,0.0,0.3,1.0,1.0,0.0,0.3,0.0,0.0,0.7,2.3,0.7,1.3,50.0,5.3,0.0,0.0
서울 삼성,황영찬,2024-2025,서울 삼성,2:53,2.88,9.0,4.0,5.0,0.7,0.3,0.4,75.0,0.0,0.3,0.0,0.3,0.8,42.9,0.0,0.2,0.0,0.1,0.0,0.1,0.1,0.0,0.1,0.1,0.0,0.0,0.3,1.0,0.3,0.4,75.0,-1.7,0.0,0.0
서울 삼성,크리스 맥컬러,2020-2021,안양 KGC,19:46,19.77,21.0,10.0,11.0,12.4,3.8,7.5,50.3,1.1,4.6,23.7,4.9,12.1,40.2,1.6,2.3,70.8,1.3,5.0,6.3,1.1,0.8,0.9,0.1,0.5,0.6,1.9,2.8,3.0,5.7,53.8,-1.6,0.2,0.0
서울 삼성,크리스 맥컬러,2019-2020,안양 KGC,17:54,17.9,34.0,21.0,13.0,15.5,4.3,8.1,52.7,1.5,5.9,25.4,5.8,14.0,41.2,2.4,3.6,68.0,1.4,3.9,5.4,0.8,0.8,1.3,0.1,1.1,1.4,1.3,2.3,3.8,6.8,56.1,0.8,0.1,0.0
수원 KT,강성욱,2025-2026,수원 KT,27:19,27.32,38.0,19.0,19.0,11.3,3.5,7.1,50.0,0.9,3.1,29.9,4.4,10.1,43.9,1.4,1.9,75.3,0.7,2.4,3.0,4.0,1.6,0.1,0.1,0.0,0.0,1.5,2.1,2.6,4.9,54.1,-0.8,0.0,0.0
수원 KT,김선형,2025-2026,수원 KT,25:35,25.58,30.0,15.0,15.0,9.8,2.8,5.4,51.5,0.9,3.6,25.9,3.7,9.0,41.3,1.4,1.6,87.2,0.7,1.7,2.4,3.4,0.9,0.2,0.1,0.0,0.0,1.6,1.3,2.5,4.7,54.3,-2.7,0.0,0.0
수원 KT,김선형,2024-2025,서울 SK,30:17,30.28,51.0,38.0,13.0,12.9,3.7,6.6,56.3,1.4,4.4,31.7,5.1,11.0,46.4,1.3,1.8,72.0,1.1,2.1,3.2,4.3,1.4,0.2,0.0,0.0,0.0,1.7,1.9,3.4,5.8,58.2,5.3,0.0,0.0
수원 KT,김선형,2023-2024,서울 SK,24:44,24.73,35.0,23.0,12.0,10.3,2.8,5.8,48.5,1.0,3.5,29.0,3.8,9.3,41.1,1.7,2.3,72.5,0.5,1.3,1.8,4.5,1.6,0.3,0.0,0.0,0.0,1.4,1.9,2.6,5.0,52.9,2.7,0.1,0.0
수원 KT,김선형,2022-2023,서울 SK,30:32,30.53,54.0,36.0,18.0,16.3,4.9,9.0,54.8,1.2,3.6,32.1,6.1,12.6,48.3,2.9,3.9,73.9,0.5,2.1,2.7,6.8,1.4,0.4,0.1,0.0,0.0,2.3,1.8,4.4,7.8,56.8,5.1,0.2,0.0
수원 KT,김선형,2021-2022,서울 SK,28:29,28.48,44.0,33.0,11.0,13.3,4.1,7.4,55.6,1.1,3.3,34.5,5.2,10.7,49.0,1.8,2.3,75.5,0.8,1.8,2.5,5.3,1.3,0.1,0.1,0.0,0.0,2.1,1.2,3.9,6.7,57.6,6.2,0.0,0.0
수원 KT,김선형,2020-2021,서울 SK,28:18,28.3,46.0,20.0,26.0,13.2,3.8,7.3,52.7,1.0,3.3,31.4,4.9,10.6,46.0,2.3,2.8,82.4,0.7,2.2,2.9,4.3,1.4,0.2,0.1,0.0,0.0,2.0,1.4,3.7,6.6,56.1,-1.8,0.0,0.0
수원 KT,김선형,2019-2020,서울 SK,29:10,29.17,37.0,23.0,14.0,12.6,3.7,7.5,49.6,0.9,2.8,33.7,4.6,10.3,45.3,2.4,3.2,73.7,0.6,2.2,2.8,3.7,1.8,0.4,0.2,0.0,0.0,2.0,1.5,3.3,6.3,52.8,5.6,0.0,0.0
수원 KT,김선형,2018-2019,서울 SK,28:00,28.0,44.0,16.0,28.0,14.1,3.7,7.1,52.7,1.2,3.7,31.9,4.9,10.8,45.6,3.1,3.8,79.9,0.8,2.3,3.2,3.9,1.2,0.1,0.1,0.0,0.0,1.8,1.4,3.1,5.4,57.0,-1.2,0.0,0.0
수원 KT,김선형,2017-2018,서울 SK,21:39,21.65,9.0,8.0,1.0,8.2,2.8,3.8,73.5,0.7,2.3,28.6,3.4,6.1,56.4,0.7,1.3,50.0,0.7,1.3,2.0,4.9,1.8,0.0,0.0,0.0,0.0,0.9,0.3,2.8,3.8,73.5,7.1,0.0,0.0
수원 KT,김선형,2016-2017,서울 SK,35:04,35.07,51.0,20.0,31.0,15.1,4.4,8.5,51.4,1.2,3.3,37.5,5.6,11.8,47.5,2.7,3.3,81.4,0.7,2.5,3.1,6.0,1.7,0.3,0.1,0.1,0.1,2.5,1.8,3.8,6.7,56.7,0.2,0.1,0.0
수원 KT,김선형,2015-2016,서울 SK,35:00,35.0,34.0,13.0,21.0,13.6,3.2,6.6,48.7,1.6,3.5,45.8,4.9,10.2,47.7,2.3,2.7,82.8,0.9,3.2,4.1,5.4,1.6,0.5,0.1,0.1,0.1,2.9,1.7,2.7,5.0,54.4,-0.3,0.0,0.0
수원 KT,김선형,2014-2015,서울 SK,33:16,33.27,53.0,36.0,17.0,11.5,2.8,5.7,50.2,1.5,4.3,34.6,4.3,10.0,43.5,1.3,1.7,73.9,0.7,2.1,2.8,4.0,1.5,0.3,0.0,0.1,0.1,2.3,1.4,2.4,4.4,55.4,3.5,0.0,0.0
수원 KT,김선형,2013-2014,서울 SK,34:27,34.45,52.0,36.0,16.0,11.9,4.3,9.2,47.0,0.7,2.5,26.7,5.0,11.7,42.6,1.3,1.8,67.7,1.1,2.7,3.8,4.9,1.4,0.3,0.1,0.1,0.1,2.3,2.2,3.4,6.6,51.9,4.3,0.0,0.0
수원 KT,김선형,2012-2013,서울 SK,31:39,31.65,49.0,40.0,9.0,12.1,4.0,7.1,56.6,0.7,2.7,26.9,4.8,9.8,48.5,1.9,2.4,77.8,0.7,2.2,2.9,4.9,1.7,0.3,0.0,0.2,0.2,2.0,2.0,3.5,5.5,63.8,7.7,0.0,0.0
수원 KT,김선형,2011-2012,서울 SK,32:01,32.02,54.0,19.0,35.0,14.9,4.5,8.2,54.6,1.1,3.4,33.5,5.6,11.6,48.4,2.5,3.5,72.9,0.8,1.9,2.7,3.5,1.3,0.5,0.1,0.2,0.2,2.1,2.0,3.7,5.9,63.2,-1.1,0.0,0.0
수원 KT,김준환,2025-2026,수원 KT,2:49,2.82,2.0,2.0,0.0,0.0,0.0,0.0,0.0,0.0,0.0,0.0,0.0,0.0,0.0,0.0,0.0,0.0,0.0,0.5,0.5,0.0,0.0,0.0,0.0,0.0,0.0,0.0,0.0,0.0,0.0,0.0,1.0,0.0,0.0
수원 KT,김준환,2023-2024,수원 KT,8:39,8.65,17.0,14.0,3.0,4.1,0.9,1.6,57.1,0.5,1.8,30.0,1.5,3.4,43.1,0.6,1.0,58.8,0.1,0.3,0.4,0.3,0.5,0.1,0.0,0.0,0.0,0.0,0.7,0.8,1.2,61.9,1.1,0.0,0.0
수원 KT,김준환,2022-2023,수원 KT,11:51,11.85,8.0,3.0,5.0,4.3,1.1,1.6,69.2,0.6,2.0,31.3,1.8,3.6,48.3,0.1,0.4,33.3,0.3,0.4,0.6,0.1,0.6,0.0,0.3,0.0,0.0,0.4,1.3,1.1,1.5,75.0,-0.5,0.0,0.0
수원 KT,김준환,2021-2022,수원 KT,5:45,5.75,7.0,3.0,4.0,1.4,0.6,0.9,66.7,0.0,0.3,0.0,0.6,1.1,50.0,0.3,0.3,100.0,0.3,0.6,0.9,0.4,0.3,0.0,0.0,0.0,0.0,0.3,0.6,0.6,0.7,80.0,-0.7,0.0,0.0
수원 KT,문성곤,2025-2026,수원 KT,10:28,10.47,44.0,20.0,24.0,1.5,0.1,0.4,29.4,0.3,1.5,21.9,0.4,1.8,23.5,0.3,0.6,53.8,0.7,1.2,1.8,0.4,0.4,0.1,0.3,0.0,0.0,0.3,1.4,0.1,0.4,31.3,-1.5,0.0,0.0
수원 KT,문성곤,2024-2025,수원 KT,16:54,16.9,49.0,29.0,19.0,3.3,0.4,0.9,48.8,0.8,3.2,24.5,1.2,4.0,29.8,0.2,0.3,61.5,1.3,1.8,3.1,1.0,0.9,0.2,0.1,0.0,0.0,0.5,1.8,0.4,0.7,55.9,0.5,0.0,0.0
수원 KT,문성곤,2023-2024,수원 KT,23:06,23.1,44.0,27.0,17.0,5.3,0.8,1.2,66.7,1.2,4.1,28.6,2.0,5.3,36.9,0.2,0.3,66.7,1.3,1.8,3.1,2.1,1.7,0.3,0.1,0.0,0.0,0.8,2.9,0.7,1.0,71.4,3.2,0.0,0.0
수원 KT,문성곤,2022-2023,안양 KGC,31:11,31.18,53.0,37.0,16.0,7.0,1.2,2.3,50.4,1.3,4.0,31.8,2.4,6.3,38.5,0.8,1.2,71.4,2.1,3.4,5.5,2.1,1.4,0.2,0.3,0.0,0.0,1.3,2.7,1.1,2.0,53.8,5.2,0.0,0.0
수원 KT,문성곤,2021-2022,안양 KGC,31:50,31.83,54.0,32.0,22.0,9.0,1.4,2.0,69.2,1.9,5.1,36.9,3.2,7.1,45.9,0.6,1.1,56.9,1.9,3.6,5.5,2.3,1.8,0.2,0.1,0.0,0.0,0.8,2.6,1.3,1.7,74.7,2.9,0.0,0.0
수원 KT,문성곤,2020-2021,안양 KGC,32:15,32.25,53.0,30.0,23.0,5.2,0.8,1.7,44.0,1.2,4.0,28.8,1.9,5.7,33.3,0.3,0.4,71.4,1.7,3.3,4.9,1.7,1.8,0.7,0.1,0.0,0.0,0.8,2.5,0.6,1.1,50.8,1.8,0.0,0.0
수원 KT,문성곤,2019-2020,안양 KGC,30:36,30.6,42.0,25.0,17.0,7.3,1.2,2.4,50.5,1.5,4.3,33.5,2.6,6.7,39.5,0.5,0.9,63.9,2.4,2.6,5.0,1.4,1.8,0.3,0.2,0.0,0.0,0.8,3.2,1.0,1.9,55.1,4.2,0.0,0.0
수원 KT,문성곤,2018-2019,안양 KGC,27:54,27.9,16.0,7.0,9.0,7.4,1.8,2.9,59.6,1.1,3.9,27.4,2.8,6.8,41.3,0.8,1.5,50.0,2.1,2.5,4.6,1.4,1.9,0.9,0.0,0.1,0.1,1.3,2.9,1.6,2.3,67.6,-1.0,0.0,0.0
수원 KT,문성곤,2016-2017,안양 KGC,15:15,15.25,53.0,39.0,14.0,3.1,1.0,1.5,63.0,0.3,1.5,20.5,1.3,3.0,42.1,0.3,0.4,60.9,1.1,1.3,2.3,0.6,0.8,0.3,0.0,0.1,0.1,0.5,2.1,0.8,1.2,67.7,1.5,0.0,0.0
수원 KT,문성곤,2015-2016,안양 KGC,7:30,7.5,22.0,10.0,12.0,1.7,0.4,1.4,30.0,0.2,0.5,41.7,0.6,1.9,33.3,0.2,0.2,80.0,0.5,0.5,1.0,0.3,0.4,0.2,0.0,0.1,0.1,0.3,1.4,0.3,0.5,50.0,-0.6,0.0,0.0
수원 KT,문정현,2025-2026,수원 KT,27:54,27.9,46.0,24.0,22.0,7.9,2.0,4.3,45.5,0.7,2.9,24.6,2.7,7.3,37.1,1.8,2.1,83.7,1.9,3.6,5.5,1.6,0.7,0.1,0.3,0.0,0.0,0.8,2.6,1.8,3.7,48.0,0.4,0.1,0.0
수원 KT,문정현,2024-2025,수원 KT,26:43,26.72,46.0,28.0,17.0,7.7,2.0,4.4,44.6,0.9,3.0,30.9,2.9,7.5,39.1,1.0,1.4,66.7,2.1,3.1,5.2,2.0,0.8,0.2,0.1,0.1,0.1,0.8,2.1,1.9,3.7,50.6,1.6,0.0,0.0
수원 KT,문정현,2023-2024,수원 KT,16:17,16.28,52.0,31.0,21.0,4.7,1.1,2.4,48.0,0.6,2.0,31.1,1.8,4.3,40.3,0.6,0.8,65.9,1.4,1.8,3.1,1.1,0.6,0.0,0.0,0.1,0.1,0.5,2.0,1.1,2.1,53.2,1.3,0.0,0.0
수원 KT,박민재,2025-2026,수원 KT,7:04,7.07,17.0,7.0,10.0,1.1,0.4,0.4,85.7,0.1,1.2,10.0,0.5,1.6,29.6,0.0,0.0,0.0,0.2,0.5,0.6,0.1,0.2,0.1,0.0,0.0,0.0,0.2,0.4,0.2,0.3,80.0,-0.9,0.0,0.0
수원 KT,박지원,2025-2026,수원 KT,7:14,7.23,25.0,12.0,13.0,1.6,0.5,0.9,59.1,0.1,0.8,10.5,0.6,1.6,36.6,0.4,0.8,47.4,0.8,0.9,1.6,1.0,0.4,0.1,0.2,0.0,0.0,0.3,1.1,0.5,0.8,65.0,-0.5,0.0,0.0
수원 KT,박지원,2024-2025,수원 KT,11:26,11.43,23.0,11.0,12.0,3.5,0.9,2.1,42.9,0.4,1.7,22.5,1.3,3.9,33.7,0.5,0.7,70.6,0.9,1.2,2.1,1.7,0.7,0.2,0.1,0.0,0.0,1.0,1.7,0.8,1.7,50.0,-1.7,0.0,0.0
수원 KT,박지원,2022-2023,수원 KT,10:06,10.1,34.0,10.0,24.0,1.9,0.4,1.3,27.9,0.3,1.1,23.1,0.6,2.4,25.6,0.4,0.7,60.9,0.7,0.9,1.6,1.6,0.3,0.1,0.1,0.0,0.0,0.7,1.9,0.3,0.8,42.3,-1.5,0.0,0.0
수원 KT,박지원,2021-2022,수원 KT,14:37,14.62,39.0,27.0,12.0,5.1,1.6,2.9,54.9,0.3,1.2,25.5,1.9,4.1,46.3,1.0,1.2,80.9,0.8,1.5,2.3,1.9,0.8,0.1,0.1,0.0,0.0,0.8,1.7,1.4,2.5,56.7,0.2,0.0,0.0
수원 KT,박지원,2020-2021,부산 KT,16:46,16.77,31.0,16.0,15.0,4.3,1.4,3.0,47.8,0.2,0.9,25.0,1.6,3.9,42.5,0.7,1.1,65.7,0.9,1.2,2.1,2.0,0.6,0.3,0.1,0.0,0.0,1.0,1.9,1.3,2.7,48.2,-1.5,0.0,0.0
수원 KT,서민수,2025-2026,원주 DB,11:12,11.2,37.0,22.0,15.0,2.3,0.3,0.6,52.2,0.5,1.5,35.2,0.8,2.1,40.3,0.1,0.1,60.0,0.5,1.1,1.6,0.5,0.2,0.2,0.1,0.0,0.0,0.4,1.5,0.2,0.4,64.3,-1.8,0.0,0.0
수원 KT,서민수,2024-2025,원주 DB,16:27,16.45,52.0,22.0,30.0,3.1,0.7,1.0,64.2,0.5,2.2,24.1,1.2,3.3,36.7,0.2,0.3,73.3,1.2,2.1,3.3,1.1,0.4,0.4,0.1,0.0,0.0,0.5,2.2,0.5,0.8,65.9,-0.1,0.0,0.0
수원 KT,서민수,2023-2024,원주 DB,10:06,10.1,44.0,36.0,8.0,2.5,0.7,1.2,62.7,0.3,1.2,26.4,1.0,2.4,44.2,0.1,0.4,35.3,0.5,1.3,1.8,0.3,0.2,0.0,0.0,0.0,0.0,0.4,1.6,0.7,1.0,69.0,0.7,0.0,0.0
수원 KT,서민수,2022-2023,창원 LG,11:52,11.87,33.0,19.0,14.0,2.7,0.7,1.5,43.1,0.4,1.6,24.5,1.1,3.2,33.7,0.2,0.3,70.0,0.5,0.7,1.2,1.2,0.2,0.1,0.2,0.0,0.0,0.5,1.8,0.5,1.0,54.5,0.7,0.0,0.0
수원 KT,서민수,2021-2022,창원 LG,18:59,18.98,49.0,22.0,27.0,5.7,1.1,2.4,44.4,1.1,3.5,31.2,2.2,5.9,36.6,0.2,0.4,57.1,1.2,1.5,2.7,1.0,0.3,0.2,0.1,0.0,0.0,0.5,2.6,0.7,1.4,50.0,-1.0,0.0,0.0
수원 KT,서민수,2020-2021,창원 LG,22:18,22.3,33.0,13.0,20.0,8.8,2.2,4.2,51.8,1.2,3.1,37.9,3.3,7.3,45.8,1.0,1.3,78.6,1.1,2.1,3.2,1.4,0.8,0.2,0.1,0.0,0.0,1.1,2.2,1.5,2.6,56.3,-2.6,0.0,0.0
수원 KT,서민수,2019-2020,창원 LG,24:22,24.37,12.0,6.0,6.0,5.4,1.6,3.3,47.5,0.6,2.0,29.2,2.2,5.3,40.6,0.5,1.3,37.5,1.6,2.9,4.5,1.3,0.6,0.0,0.3,0.0,0.0,1.2,2.8,1.2,2.4,48.3,-1.7,0.1,0.0
수원 KT,서민수,2017-2018,원주 DB,22:52,22.87,54.0,37.0,17.0,5.5,1.2,2.4,52.0,0.8,2.8,29.5,2.0,5.1,39.9,0.6,0.9,67.4,1.2,3.0,4.1,1.3,0.6,0.5,0.0,0.1,0.1,0.9,2.1,1.1,1.8,60.6,2.6,0.0,0.0
수원 KT,서민수,2016-2017,원주 동부,6:31,6.52,23.0,10.0,13.0,1.9,0.4,0.7,52.9,0.3,1.3,19.4,0.7,2.1,31.3,0.3,0.4,77.8,0.3,0.7,1.0,0.4,0.3,0.1,0.0,0.0,0.0,0.2,1.0,0.3,0.5,63.6,-1.6,0.0,0.0
수원 KT,서민수,2015-2016,원주 동부,6:06,6.1,7.0,4.0,3.0,1.1,0.6,1.7,33.3,0.0,1.6,0.0,0.6,3.3,17.4,0.0,0.0,0.0,0.1,0.3,0.4,0.6,0.3,0.3,0.0,0.0,0.0,0.1,1.6,0.3,0.7,40.0,-3.9,0.0,0.0
수원 KT,이두원,2025-2026,수원 KT,15:56,15.93,44.0,23.0,21.0,5.8,2.0,3.4,57.3,0.2,0.7,25.0,2.1,4.1,51.6,1.3,1.8,74.0,1.7,2.0,3.6,0.9,0.3,0.3,0.0,0.3,0.3,0.8,1.5,1.5,2.6,57.9,-1.3,0.1,0.0
수원 KT,이두원,2024-2025,수원 KT,8:46,8.77,21.0,15.0,6.0,1.3,0.4,1.4,31.0,0.0,0.5,9.1,0.5,1.9,25.0,0.3,0.5,70.0,0.9,1.0,1.8,0.2,0.2,0.1,0.0,0.0,0.1,0.3,1.3,0.3,0.9,38.9,-2.8,0.0,0.0
수원 KT,이두원,2023-2024,수원 KT,11:15,11.25,45.0,27.0,18.0,3.8,1.6,3.2,49.3,0.0,0.0,0.0,1.6,3.3,49.0,0.6,1.1,59.2,1.1,1.0,2.1,0.2,0.2,0.3,0.1,0.2,0.2,0.5,1.6,1.1,2.0,52.2,-2.7,0.0,0.0
수원 KT,이두원,2022-2023,수원 KT,8:27,8.45,27.0,13.0,14.0,3.1,1.2,2.3,52.5,0.0,0.0,0.0,1.2,2.3,52.5,0.7,1.1,66.7,0.7,0.9,1.5,0.4,0.2,0.2,0.0,0.2,0.2,0.4,1.4,0.9,1.5,58.5,-0.3,0.0,0.0
수원 KT,이현석,2025-2026,수원 KT,1:48,1.8,8.0,4.0,4.0,0.0,0.0,0.1,0.0,0.0,0.1,0.0,0.0,0.3,0.0,0.0,0.0,0.0,0.0,0.4,0.4,0.0,0.0,0.0,0.0,0.0,0.0,0.0,0.0,0.0,0.0,0.0,-0.9,0.0,0.0
수원 KT,이현석,2024-2025,수원 KT,9:21,9.35,37.0,21.0,16.0,0.8,0.1,0.1,60.0,0.2,0.8,22.6,0.3,1.0,27.8,0.1,0.2,33.3,0.4,1.0,1.4,0.5,0.4,0.0,0.0,0.0,0.0,0.2,1.3,0.1,0.1,100.0,-1.6,0.0,0.0
수원 KT,이현석,2023-2024,수원 KT,8:24,8.4,27.0,15.0,12.0,1.0,0.0,0.2,16.7,0.3,1.2,25.0,0.3,1.4,23.7,0.0,0.0,100.0,0.3,0.9,1.1,0.1,0.3,0.1,0.0,0.0,0.0,0.3,0.9,0.0,0.1,25.0,-1.4,0.0,0.0
수원 KT,이현석,2022-2023,수원 KT,13:35,13.58,23.0,7.0,16.0,1.3,0.0,0.2,25.0,0.4,1.4,27.3,0.4,1.6,27.0,0.0,0.0,0.0,0.6,1.5,2.1,0.4,0.7,0.0,0.0,0.0,0.0,0.5,1.5,0.0,0.1,33.3,-2.0,0.0,0.0
수원 KT,이현석,2021-2022,서울 SK,11:04,11.07,46.0,34.0,12.0,2.5,0.5,0.9,52.5,0.5,1.6,29.2,0.9,2.4,37.5,0.2,0.3,62.5,0.4,1.2,1.5,0.7,0.4,0.0,0.0,0.0,0.0,0.3,1.4,0.3,0.6,57.1,0.5,0.0,0.0
수원 KT,이현석,2018-2019,서울 SK,11:48,11.8,45.0,15.0,30.0,1.7,0.4,0.6,64.3,0.3,1.2,22.2,0.7,1.8,36.6,0.1,0.2,40.0,0.3,1.2,1.5,0.7,0.7,0.1,0.1,0.0,0.0,0.4,1.2,0.4,0.6,64.0,-2.5,0.0,0.0
수원 KT,이현석,2017-2018,서울 SK,11:00,11.0,41.0,28.0,13.0,1.9,0.4,0.7,53.3,0.3,1.0,30.2,0.7,1.8,39.7,0.1,0.3,50.0,0.2,1.0,1.2,0.7,0.5,0.0,0.0,0.0,0.0,0.3,1.1,0.3,0.5,59.1,0.6,0.0,0.0
수원 KT,이현석,2016-2017,서울 SK,8:38,8.63,43.0,20.0,23.0,1.5,0.3,0.7,48.4,0.2,0.8,27.8,0.6,1.6,37.3,0.1,0.1,83.3,0.2,0.7,0.9,0.4,0.3,0.0,0.1,0.0,0.0,0.3,1.0,0.3,0.6,51.9,0.6,0.0,0.0
수원 KT,이현석,2015-2016,서울 SK,14:22,14.37,28.0,10.0,18.0,2.4,0.4,1.0,42.9,0.4,1.6,27.3,0.9,2.6,33.3,0.3,0.5,57.1,0.5,0.8,1.3,1.1,0.4,0.0,0.1,0.0,0.0,0.9,1.4,0.4,0.8,50.0,-1.0,0.0,0.0
수원 KT,이현석,2014-2015,서울 SK,12:35,12.58,48.0,34.0,14.0,2.7,0.4,0.9,46.7,0.5,1.7,31.7,1.0,2.6,37.0,0.2,0.4,50.0,0.2,0.9,1.1,0.8,0.4,0.1,0.0,0.0,0.0,0.6,1.2,0.3,0.6,53.3,-0.3,0.0,0.0
수원 KT,전성현,2025-2026,안양 정관장,7:43,7.72,30.0,19.0,11.0,2.7,0.2,0.5,50.0,0.7,2.1,34.9,1.0,2.6,37.7,0.1,0.1,66.7,0.1,0.3,0.3,0.2,0.1,0.0,0.0,0.0,0.0,0.3,0.4,0.1,0.2,42.9,0.9,0.0,0.0
수원 KT,전성현,2024-2025,창원 LG,19:23,19.38,37.0,23.0,14.0,7.3,0.8,1.9,40.6,1.8,5.1,34.6,2.5,6.9,36.2,0.5,0.6,81.8,0.2,0.6,0.8,1.0,0.3,0.0,0.0,0.0,0.0,0.7,0.9,0.4,1.0,35.1,0.8,0.0,0.0
수원 KT,전성현,2023-2024,고양 소노,29:28,29.47,30.0,11.0,19.0,11.8,1.4,3.5,40.0,2.5,7.7,32.9,3.9,11.2,35.1,1.4,1.8,78.2,0.4,1.2,1.6,0.9,0.5,0.0,0.0,0.0,0.0,1.0,1.4,0.9,1.8,50.9,-2.6,0.0,0.0
수원 KT,전성현,2022-2023,고양 캐롯,31:49,31.82,50.0,26.0,24.0,17.6,2.5,5.7,43.9,3.4,9.1,37.5,5.9,14.8,39.9,2.4,2.8,83.7,0.4,1.5,1.9,2.6,1.1,0.1,0.0,0.0,0.0,2.1,1.3,1.5,2.8,52.1,0.8,0.0,0.0
수원 KT,전성현,2021-2022,안양 KGC,31:54,31.9,54.0,32.0,22.0,15.4,1.9,4.0,45.9,3.3,8.3,39.3,5.1,12.4,41.5,1.8,2.2,83.9,0.6,1.6,2.2,1.5,0.9,0.1,0.0,0.0,0.0,1.0,1.3,1.2,2.4,49.2,2.9,0.0,0.0
수원 KT,전성현,2020-2021,안양 KGC,24:12,24.2,51.0,28.0,23.0,11.4,1.2,2.7,45.0,2.6,6.6,39.5,3.8,9.4,41.1,1.1,1.2,90.5,0.5,1.2,1.8,0.6,0.7,0.1,0.0,0.0,0.0,0.5,0.9,0.6,1.5,42.3,2.1,0.0,0.0
수원 KT,전성현,2019-2020,안양 KGC,21:46,21.77,12.0,6.0,6.0,11.8,1.5,2.9,51.4,2.6,6.2,41.9,4.1,9.1,45.0,1.1,1.4,76.5,0.7,1.3,2.0,0.6,0.4,0.0,0.0,0.0,0.0,0.8,0.9,0.3,0.7,50.0,1.0,0.0,0.0
수원 KT,전성현,2017-2018,안양 KGC,23:23,23.38,52.0,28.0,24.0,8.9,1.0,2.3,42.1,2.2,5.2,41.9,3.2,7.5,41.9,0.5,0.6,75.0,0.8,1.0,1.7,0.6,0.5,0.0,0.0,0.0,0.0,0.5,1.0,0.4,1.0,37.0,0.5,0.0,0.0
수원 KT,전성현,2016-2017,안양 KGC,10:26,10.43,50.0,37.0,13.0,2.6,0.3,0.7,38.9,0.7,1.9,35.5,0.9,2.6,36.4,0.1,0.1,80.0,0.2,0.6,0.8,0.3,0.2,0.0,0.0,0.0,0.0,0.2,0.7,0.0,0.0,50.0,1.3,0.0,0.0
수원 KT,전성현,2014-2015,안양 KGC,12:29,12.48,46.0,18.0,28.0,4.4,0.8,1.8,47.6,0.8,2.1,41.1,1.7,3.8,44.1,0.1,0.2,54.5,0.5,0.4,0.9,0.4,0.2,0.0,0.0,0.0,0.0,0.5,0.8,0.4,0.8,51.4,-3.6,0.0,0.0
수원 KT,전성현,2013-2014,안양 KGC,19:22,19.37,54.0,19.0,35.0,5.7,0.9,2.3,36.8,1.3,3.3,38.4,2.1,5.6,37.7,0.3,0.3,93.3,0.4,0.7,1.0,0.6,0.4,0.1,0.0,0.0,0.0,0.3,1.6,0.4,1.1,42.1,-3.7,0.0,0.0
수원 KT,정창영,2025-2026,수원 KT,16:03,16.05,45.0,21.0,24.0,3.3,0.8,1.5,50.7,0.4,1.2,35.2,1.2,2.7,43.8,0.6,0.8,73.5,0.3,1.0,1.2,0.9,0.7,0.1,0.2,0.0,0.0,0.7,1.6,0.6,1.2,54.7,0.2,0.0,0.0
수원 KT,정창영,2024-2025,부산 KCC,18:15,18.25,49.0,16.0,33.0,5.1,1.2,2.5,48.4,0.7,1.8,37.1,1.9,4.3,43.6,0.7,0.9,77.3,0.3,1.2,1.6,2.0,0.8,0.0,0.1,0.0,0.0,0.7,1.8,1.0,2.0,51.5,-3.5,0.0,0.0
수원 KT,정창영,2023-2024,부산 KCC,19:42,19.7,48.0,26.0,22.0,5.6,1.1,2.3,49.5,0.8,1.9,41.1,1.9,4.1,45.7,1.1,1.6,68.0,0.5,1.3,1.9,2.0,0.4,0.1,0.1,0.0,0.0,0.8,1.7,1.0,1.8,53.5,-1.0,0.0,0.0
수원 KT,정창영,2022-2023,전주 KCC,26:33,26.55,54.0,24.0,30.0,8.5,2.2,4.5,48.5,0.9,2.8,32.2,3.1,7.3,42.2,1.4,1.8,80.2,0.8,2.4,3.2,2.8,0.9,0.1,0.1,0.0,0.0,1.1,2.1,1.9,3.5,52.6,-0.2,0.0,0.0
수원 KT,정창영,2021-2022,전주 KCC,22:10,22.17,40.0,14.0,26.0,7.8,1.9,3.4,55.6,0.9,2.5,34.7,2.7,5.8,46.8,1.5,2.2,70.1,0.3,2.0,2.3,2.1,0.8,0.1,0.0,0.0,0.0,1.4,1.7,1.5,2.4,64.9,-3.4,0.0,0.0
수원 KT,정창영,2020-2021,전주 KCC,24:24,24.4,54.0,36.0,18.0,8.2,2.0,4.2,48.2,0.9,2.3,40.7,2.9,6.5,45.6,1.4,1.8,74.5,0.9,2.9,3.8,2.0,1.0,0.2,0.1,0.0,0.0,0.8,1.7,1.7,3.3,52.2,4.8,0.0,0.0
수원 KT,정창영,2019-2020,전주 KCC,15:55,15.92,39.0,21.0,18.0,4.5,1.2,2.1,56.6,0.5,1.1,43.2,1.7,3.3,52.0,0.6,0.9,66.7,0.5,1.5,2.0,1.5,0.8,0.1,0.1,0.0,0.0,0.8,1.4,1.0,1.7,58.8,3.7,0.0,0.0
수원 KT,정창영,2018-2019,창원 LG,7:18,7.3,22.0,10.0,12.0,1.5,0.3,0.4,77.8,0.2,0.5,36.4,0.5,0.9,55.0,0.3,0.5,70.0,0.5,0.5,1.0,0.3,0.5,0.1,0.0,0.0,0.0,0.3,1.2,0.3,0.4,87.5,-2.5,0.0,0.0
수원 KT,정창영,2017-2018,창원 LG,19:06,19.1,52.0,16.0,36.0,5.4,1.0,2.3,46.2,0.8,2.2,33.6,1.8,4.5,39.9,1.0,1.3,80.6,0.5,1.8,2.4,2.2,0.8,0.1,0.1,0.0,0.0,1.0,2.3,0.9,1.8,51.6,-1.4,0.0,0.0
수원 KT,정창영,2016-2017,창원 LG,13:26,13.43,37.0,13.0,24.0,3.3,0.9,1.7,50.0,0.4,1.1,34.1,1.2,2.8,43.8,0.4,0.6,72.7,0.4,1.1,1.6,1.8,0.8,0.1,0.0,0.0,0.0,1.1,1.2,0.6,1.0,55.3,-2.2,0.0,0.0
수원 KT,정창영,2014-2015,창원 LG,12:00,12.0,11.0,9.0,2.0,1.5,0.5,0.5,83.3,0.2,0.6,28.6,0.6,1.2,53.8,0.0,0.0,0.0,0.4,0.9,1.3,0.5,0.5,0.0,0.0,0.0,0.0,0.5,1.2,0.4,0.5,80.0,1.8,0.0,0.0
수원 KT,정창영,2012-2013,창원 LG,19:17,19.28,53.0,20.0,33.0,5.1,1.5,2.7,56.3,0.5,1.5,33.8,2.0,4.2,48.2,0.6,0.8,73.8,0.6,1.6,2.2,2.6,0.8,0.1,0.0,0.0,0.0,1.3,2.1,1.2,2.0,59.6,-0.9,0.0,0.0
수원 KT,정창영,2011-2012,창원 LG,15:11,15.18,41.0,15.0,26.0,3.7,0.8,1.9,42.3,0.5,1.4,37.5,1.3,3.3,40.3,0.5,0.6,80.8,0.4,1.1,1.5,1.7,0.7,0.0,0.1,0.0,0.0,1.0,1.8,0.7,1.5,48.4,0.0,0.0,0.0
수원 KT,조환희,2024-2025,수원 KT,7:59,7.98,1.0,0.0,1.0,6.0,2.0,2.0,100.0,0.0,1.0,0.0,2.0,3.0,66.7,2.0,2.0,100.0,1.0,1.0,2.0,3.0,1.0,0.0,0.0,0.0,0.0,0.0,0.0,1.0,1.0,100.0,-9.0,0.0,0.0
수원 KT,하윤기,2025-2026,수원 KT,29:41,29.68,27.0,15.0,12.0,8.9,3.6,6.7,53.3,0.0,0.0,0.0,3.6,6.8,53.0,1.7,2.1,80.4,1.9,2.8,4.7,1.6,0.4,0.7,0.0,0.5,0.6,1.0,2.3,2.1,4.0,53.2,-0.4,0.1,0.0
수원 KT,하윤기,2024-2025,수원 KT,24:03,24.05,42.0,24.0,17.0,10.2,4.2,8.1,52.2,0.0,0.0,0.0,4.2,8.1,52.2,1.8,2.5,71.8,2.1,2.9,5.0,1.0,0.3,0.5,0.0,0.4,0.4,1.1,1.4,3.6,6.2,57.9,1.7,0.0,0.0
수원 KT,하윤기,2023-2024,수원 KT,31:15,31.25,45.0,28.0,17.0,16.3,6.5,11.2,58.1,0.0,0.0,0.0,6.5,11.2,57.9,3.3,4.4,74.9,2.7,4.0,6.7,1.6,0.4,0.4,0.0,0.5,0.6,1.4,2.3,5.2,8.2,63.8,6.1,0.2,0.0
수원 KT,하윤기,2022-2023,수원 KT,29:45,29.75,51.0,20.0,31.0,15.3,6.2,10.6,58.7,0.0,0.0,0.0,6.2,10.6,58.6,2.9,3.8,74.9,2.6,3.7,6.4,1.6,0.6,0.6,0.0,0.8,0.9,1.4,1.9,5.0,7.9,63.7,-0.7,0.1,0.0
수원 KT,하윤기,2021-2022,수원 KT,21:42,21.7,50.0,35.0,15.0,7.5,3.0,5.4,55.9,0.0,0.0,0.0,3.0,5.4,55.9,1.5,2.1,69.2,2.1,2.6,4.7,0.5,0.5,0.6,0.0,0.3,0.4,1.0,1.6,2.8,4.7,59.4,4.3,0.0,0.0
수원 KT,한희원,2025-2026,수원 KT,14:20,14.33,45.0,23.0,22.0,4.1,0.8,1.4,54.0,0.8,1.8,44.4,1.6,3.2,48.6,0.2,0.3,66.7,0.2,1.2,1.4,0.6,0.5,0.2,0.1,0.0,0.0,0.4,1.9,0.7,1.2,59.3,1.2,0.0,0.0
수원 KT,한희원,2024-2025,수원 KT,25:19,25.32,44.0,24.0,19.0,5.8,1.0,2.2,43.8,1.2,4.2,29.5,2.2,6.3,34.4,0.3,0.5,55.0,0.9,1.9,2.8,1.1,0.6,0.2,0.1,0.0,0.0,0.6,2.7,1.0,2.0,48.8,2.3,0.0,0.0
수원 KT,한희원,2023-2024,수원 KT,25:59,25.98,52.0,33.0,19.0,8.3,1.4,2.5,55.8,1.6,4.7,34.2,3.0,7.2,41.7,0.8,1.2,64.5,0.8,2.6,3.4,1.2,0.8,0.3,0.2,0.0,0.0,0.9,2.3,1.3,2.0,63.8,4.0,0.0,0.0
수원 KT,한희원,2022-2023,수원 KT,18:05,18.08,43.0,17.0,26.0,4.6,1.1,2.3,48.5,0.6,2.2,26.6,1.7,4.5,37.9,0.6,0.9,63.2,1.0,1.6,2.6,1.0,0.6,0.2,0.1,0.0,0.0,0.5,2.5,1.0,1.8,56.6,-2.2,0.0,0.0
수원 KT,한희원,2021-2022,수원 KT,9:56,9.93,16.0,13.0,3.0,4.0,1.1,1.7,66.7,0.5,1.7,29.6,1.6,3.4,48.1,0.3,0.5,50.0,0.6,0.8,1.4,0.3,0.3,0.1,0.0,0.0,0.0,0.4,1.3,0.9,1.4,65.2,-0.4,0.0,0.0
수원 KT,한희원,2019-2020,부산 KT,13:23,13.38,27.0,13.0,14.0,3.0,0.7,1.8,39.6,0.4,1.2,31.3,1.1,3.0,36.3,0.5,0.7,70.0,0.7,1.0,1.7,0.6,0.4,0.1,0.1,0.0,0.0,0.5,1.7,0.6,1.4,43.6,-2.0,0.0,0.0
수원 KT,한희원,2018-2019,부산 KT,13:53,13.88,23.0,11.0,12.0,3.4,0.7,2.2,34.0,0.5,1.7,28.2,1.2,3.9,31.5,0.5,0.8,61.1,0.9,1.4,2.3,0.5,0.5,0.3,0.0,0.0,0.0,0.3,1.7,0.7,1.6,43.2,-1.4,0.0,0.0
수원 KT,한희원,2018-2019,안양 KGC,13:46,13.77,14.0,5.0,9.0,2.7,0.6,2.0,28.6,0.4,1.7,25.0,1.0,3.7,26.9,0.3,0.5,57.1,0.9,1.0,1.9,0.8,0.5,0.1,0.0,0.0,0.0,0.4,0.9,0.6,1.5,38.1,-0.5,0.0,0.0
수원 KT,한희원,2017-2018,안양 KGC,10:35,10.58,33.0,21.0,12.0,3.5,1.0,1.6,63.5,0.4,1.1,35.1,1.4,2.7,51.7,0.3,0.5,60.0,0.6,1.2,1.8,0.5,0.6,0.1,0.1,0.0,0.0,0.4,1.2,0.9,1.2,70.7,-0.8,0.0,0.0
수원 KT,한희원,2016-2017,안양 KGC,8:20,8.33,37.0,26.0,11.0,1.4,0.4,1.0,38.9,0.2,0.9,21.9,0.6,1.8,30.9,0.1,0.3,30.0,0.5,0.8,1.3,0.3,0.2,0.1,0.0,0.0,0.0,0.1,0.9,0.4,0.8,48.3,1.1,0.0,0.0
수원 KT,한희원,2015-2016,인천 전자랜드,18:39,18.65,38.0,9.0,29.0,5.3,1.1,2.3,48.8,0.8,2.7,30.1,1.9,5.0,38.6,0.6,1.0,61.5,0.8,1.1,1.8,0.7,0.3,0.2,0.1,0.0,0.0,0.6,1.8,0.9,1.8,51.4,-3.1,0.0,0.0
수원 KT,패리스 배스,2023-2024,수원 KT,31:41,31.68,54.0,33.0,21.0,25.4,7.4,13.3,56.0,2.5,6.9,35.8,9.9,20.1,49.1,3.1,4.5,70.2,2.7,8.2,10.9,4.6,1.8,0.6,0.0,1.5,1.6,3.1,2.9,6.5,10.8,60.0,4.6,0.6,0.0
수원 KT,미구엘 안드레 옥존,2025-2026,울산 현대모비스,20:20,20.33,9.0,4.0,5.0,7.7,0.8,1.9,41.2,1.9,4.7,40.5,2.7,6.6,40.7,0.4,0.7,66.7,0.4,0.8,1.2,2.2,0.6,0.2,0.1,0.0,0.0,0.9,1.8,0.3,1.0,33.3,-2.7,0.0,0.0
수원 KT,미구엘 안드레 옥존,2024-2025,울산 현대모비스,14:43,14.72,47.0,27.0,20.0,4.6,0.9,2.1,42.9,0.7,2.8,24.8,1.6,4.9,32.5,0.7,1.0,73.3,0.4,1.1,1.5,1.5,0.4,0.2,0.1,0.0,0.0,0.8,1.2,0.8,1.7,47.4,-0.6,0.0,0.0
수원 KT,미구엘 안드레 옥존,2023-2024,울산 현대모비스,23:18,23.3,21.0,11.0,10.0,9.5,2.3,4.6,51.0,1.2,4.3,28.6,3.6,8.9,40.1,1.1,1.6,69.7,0.6,1.5,2.1,3.8,0.4,0.3,0.1,0.0,0.0,1.7,2.0,1.9,3.2,59.7,2.9,0.0,0.0
안양 정관장,김세창,2025-2026,안양 정관장,20:37,20.62,2.0,1.0,1.0,4.5,0.5,2.0,25.0,0.5,4.5,11.1,1.0,6.5,15.4,2.0,3.0,66.7,1.0,1.0,2.0,2.5,1.5,0.0,0.0,0.0,0.0,3.5,3.5,0.5,1.5,33.3,-10.5,0.0,0.0
안양 정관장,김세창,2022-2023,고양 캐롯,6:50,6.83,25.0,10.0,15.0,2.0,0.3,0.8,42.1,0.3,0.6,46.7,0.6,1.4,44.1,0.5,0.8,68.4,0.1,0.5,0.6,0.9,0.2,0.0,0.1,0.0,0.0,0.4,0.8,0.3,0.5,61.5,0.8,0.0,0.0
안양 정관장,김세창,2021-2022,고양 오리온,5:03,5.05,15.0,7.0,8.0,1.7,0.3,0.8,33.3,0.3,0.8,41.7,0.6,1.6,37.5,0.2,0.3,75.0,0.1,0.1,0.3,0.7,0.3,0.0,0.0,0.0,0.0,0.3,0.6,0.2,0.7,30.0,-0.3,0.0,0.0
안양 정관장,김세창,2019-2020,울산 현대모비스,2:46,2.77,8.0,3.0,5.0,0.5,0.3,0.3,100.0,0.0,0.3,0.0,0.3,0.5,50.0,0.0,0.0,0.0,0.0,0.1,0.1,0.6,0.0,0.0,0.0,0.0,0.0,0.3,0.4,0.1,0.1,100.0,-0.6,0.0,0.0
안양 정관장,김종규,2025-2026,안양 정관장,11:11,11.18,44.0,29.0,15.0,3.4,1.4,3.1,45.7,0.0,0.0,0.0,1.4,3.1,45.7,0.5,0.7,76.7,0.6,2.0,2.6,0.3,0.1,0.3,0.0,0.0,0.1,0.3,1.1,0.8,1.5,50.8,1.6,0.0,0.0
안양 정관장,김종규,2024-2025,안양 정관장,6:09,6.15,6.0,3.0,3.0,1.3,0.3,1.2,28.6,0.0,0.2,0.0,0.3,1.3,25.0,0.7,0.7,100.0,0.5,0.7,1.2,0.5,0.0,0.0,0.0,0.0,0.0,0.2,1.2,0.2,0.5,33.3,-2.0,0.0,0.0
안양 정관장,김종규,2024-2025,원주 DB,18:57,18.95,5.0,1.0,4.0,5.0,2.0,3.8,52.6,0.0,0.0,0.0,2.0,3.8,52.6,1.0,1.2,83.3,1.4,3.0,4.4,0.8,0.0,0.8,0.0,0.0,0.0,0.8,1.8,1.2,2.4,50.0,-4.0,0.0,0.0
안양 정관장,김종규,2023-2024,원주 DB,24:21,24.35,49.0,38.0,11.0,11.9,4.5,7.4,61.2,0.2,0.5,37.5,4.7,7.9,59.7,2.3,2.7,84.8,2.5,3.6,6.1,1.0,0.4,1.2,0.1,1.0,1.1,1.1,2.6,4.0,6.0,66.1,6.2,0.0,0.0
안양 정관장,김종규,2022-2023,원주 DB,23:47,23.78,49.0,20.0,29.0,11.0,4.4,7.7,57.7,0.2,0.9,28.6,4.7,8.6,54.8,1.4,2.0,71.9,1.6,4.1,5.6,1.4,0.4,0.9,0.1,0.7,0.7,1.1,2.6,3.1,4.8,63.3,0.5,0.1,0.0
안양 정관장,김종규,2021-2022,원주 DB,25:37,25.62,54.0,23.0,31.0,10.5,3.7,7.1,52.2,0.6,1.6,39.5,4.3,8.7,49.9,1.2,1.7,73.3,1.6,4.1,5.7,1.1,0.4,1.1,0.1,0.4,0.4,1.4,3.0,2.8,4.6,60.8,-1.0,0.0,0.0
안양 정관장,김종규,2020-2021,원주 DB,22:50,22.83,42.0,22.0,20.0,9.8,3.3,6.7,48.9,0.6,1.5,43.5,3.9,8.2,48.0,1.3,1.8,73.0,2.1,3.7,5.8,2.0,0.4,0.8,0.1,0.4,0.4,1.6,2.4,2.4,4.8,50.2,3.1,0.0,0.0
안양 정관장,김종규,2019-2020,원주 DB,27:53,27.88,43.0,28.0,15.0,13.3,4.7,8.4,55.2,0.4,1.5,29.7,5.1,9.9,51.4,2.7,3.4,77.0,1.8,4.3,6.1,2.0,0.4,0.8,0.0,0.8,0.9,1.9,2.4,3.8,6.2,61.9,3.3,0.1,0.0
안양 정관장,김종규,2018-2019,창원 LG,30:17,30.28,51.0,29.0,22.0,11.8,4.9,8.5,57.9,0.0,0.1,0.0,4.9,8.5,57.5,2.0,2.7,72.5,2.7,4.6,7.4,1.6,0.7,1.3,0.1,0.8,0.9,1.1,2.4,4.0,5.9,67.7,5.8,0.2,0.0
안양 정관장,김종규,2017-2018,창원 LG,25:36,25.6,38.0,11.0,27.0,10.7,4.2,8.1,51.1,0.1,0.3,30.8,4.3,8.5,50.3,2.1,2.9,71.8,2.2,3.7,6.0,1.3,0.4,0.8,0.0,0.7,0.7,1.2,2.5,2.8,4.9,57.3,-4.1,0.1,0.0
안양 정관장,김종규,2016-2017,창원 LG,27:51,27.85,41.0,18.0,23.0,11.3,4.8,8.5,56.2,0.0,0.1,20.0,4.8,8.6,55.7,1.7,2.2,75.0,2.0,4.2,6.2,1.5,0.5,1.1,0.0,0.7,0.7,1.5,2.6,3.6,5.3,67.6,-1.5,0.1,0.0
안양 정관장,김종규,2015-2016,창원 LG,32:26,32.43,45.0,19.0,26.0,12.6,5.2,10.0,52.5,0.0,0.0,0.0,5.2,10.0,52.2,2.1,2.8,75.4,2.3,4.6,6.9,2.2,0.7,0.9,0.0,0.9,0.9,1.6,3.2,3.7,5.8,63.9,1.3,0.2,0.0
안양 정관장,김종규,2014-2015,창원 LG,27:22,27.37,39.0,25.0,14.0,11.9,4.9,9.2,53.6,0.0,0.0,0.0,4.9,9.3,53.5,2.1,2.8,72.1,1.5,4.0,5.6,1.4,0.7,0.8,0.0,1.0,1.1,1.4,2.2,3.4,5.3,63.6,-0.3,0.1,0.0
안양 정관장,김종규,2013-2014,창원 LG,29:49,29.82,46.0,35.0,11.0,10.7,4.7,8.2,57.7,0.0,0.0,0.0,4.7,8.2,57.7,1.2,1.9,64.8,2.0,3.9,5.9,1.0,0.7,0.9,0.0,1.2,1.3,1.1,2.0,3.6,5.3,67.5,4.9,0.1,0.0
안양 정관장,김준형,2025-2026,안양 정관장,12:00,12.0,2.0,2.0,0.0,1.5,0.0,2.0,0.0,0.5,1.0,50.0,0.5,3.0,16.7,0.0,0.0,0.0,0.5,3.0,3.5,0.0,0.0,0.0,0.0,0.0,0.0,0.5,0.5,0.0,0.0,0.0,-6.0,0.0,0.0
안양 정관장,김준형,2024-2025,안양 정관장,4:43,4.72,5.0,1.0,4.0,0.4,0.2,0.8,25.0,0.0,1.2,0.0,0.2,2.0,10.0,0.0,0.0,0.0,0.4,0.8,1.2,0.2,0.0,0.2,0.0,0.0,0.0,0.2,0.2,0.2,0.6,33.3,-2.4,0.0,0.0
안양 정관장,김준형,2023-2024,창원 LG,4:23,4.38,2.0,1.0,1.0,0.0,0.0,0.5,0.0,0.0,1.0,0.0,0.0,1.5,0.0,0.0,0.0,0.0,0.5,0.0,0.5,0.0,0.0,0.0,0.0,0.0,0.0,0.5,0.0,0.0,0.0,0.0,-1.0,0.0,0.0
안양 정관장,김준형,2022-2023,창원 LG,4:06,4.1,2.0,1.0,1.0,2.5,0.5,0.5,100.0,0.5,1.0,50.0,1.0,1.5,66.7,0.0,0.0,0.0,0.0,1.0,1.0,0.5,0.0,0.0,0.0,0.0,0.0,0.0,0.5,0.0,0.0,0.0,5.5,0.0,0.0
안양 정관장,김준형,2020-2021,창원 LG,1:27,1.45,1.0,1.0,0.0,3.0,0.0,0.0,0.0,1.0,1.0,100.0,1.0,1.0,100.0,0.0,0.0,0.0,0.0,0.0,0.0,0.0,0.0,0.0,0.0,0.0,0.0,0.0,0.0,0.0,0.0,0.0,-1.0,0.0,0.0
안양 정관장,김준형,2019-2020,창원 LG,11:19,11.32,21.0,9.0,12.0,3.4,0.3,0.9,38.9,0.8,2.0,39.5,1.1,2.9,39.3,0.3,0.3,85.7,0.5,1.1,1.7,0.0,0.1,0.1,0.0,0.0,0.0,0.2,0.7,0.2,0.4,44.4,-0.9,0.0,0.0
안양 정관장,김준형,2018-2019,창원 LG,4:35,4.58,7.0,3.0,4.0,1.1,0.1,0.7,20.0,0.3,0.6,50.0,0.4,1.3,33.3,0.0,0.0,0.0,0.3,0.7,1.0,0.1,0.0,0.0,0.0,0.0,0.0,0.1,0.6,0.0,0.4,0.0,-3.1,0.0,0.0
안양 정관장,김진영,2023-2024,서울 삼성,6:37,6.62,2.0,0.0,2.0,0.0,0.0,1.0,0.0,0.0,1.0,0.0,0.0,2.0,0.0,0.0,0.0,0.0,0.0,1.0,1.0,0.0,0.0,0.0,0.0,0.0,0.0,0.5,1.5,0.0,0.5,0.0,-13.0,0.0,0.0
안양 정관장,김진영,2022-2023,서울 삼성,13:27,13.45,12.0,1.0,11.0,4.7,1.3,2.9,45.7,0.5,2.0,25.0,1.8,4.9,37.3,0.5,0.7,75.0,0.8,1.0,1.8,0.7,0.7,0.1,0.1,0.2,0.2,1.2,1.5,1.3,2.6,48.4,-8.0,0.0,0.0
안양 정관장,김진영,2020-2021,서울 삼성,14:10,14.17,29.0,11.0,18.0,4.7,1.6,2.6,59.2,0.4,1.3,34.2,2.0,3.9,50.9,0.3,0.5,53.3,0.6,1.1,1.7,1.5,1.0,0.2,0.0,0.2,0.2,1.1,1.4,1.4,2.3,61.8,-0.9,0.0,0.0
안양 정관장,김진영,2019-2020,서울 삼성,8:29,8.48,15.0,4.0,11.0,2.7,0.9,2.0,46.7,0.2,0.9,23.1,1.1,2.9,39.5,0.3,0.8,33.3,0.5,0.7,1.1,0.5,0.5,0.1,0.0,0.0,0.0,0.7,0.9,0.9,1.7,50.0,-2.4,0.0,0.0
안양 정관장,렌즈 아반도,2025-2026,안양 정관장,21:48,21.8,48.0,30.0,18.0,7.6,2.3,3.8,59.6,0.7,2.6,27.8,3.0,6.4,46.6,0.8,1.3,62.5,1.0,2.7,3.7,1.2,0.7,0.9,0.1,0.4,0.4,1.4,1.4,1.5,2.3,64.9,2.2,0.0,0.0
안양 정관장,렌즈 아반도,2023-2024,안양 정관장,24:09,24.15,30.0,13.0,17.0,9.9,3.5,6.2,55.6,0.4,2.2,20.0,3.9,8.4,46.4,1.7,2.1,82.3,1.6,2.7,4.3,1.1,0.8,1.0,0.1,0.6,0.7,1.3,1.7,3.0,5.1,58.6,-2.6,0.0,0.0
안양 정관장,렌즈 아반도,2022-2023,안양 KGC,18:38,18.63,39.0,26.0,13.0,9.0,2.5,4.7,54.4,0.7,2.0,36.7,3.3,6.7,49.0,1.7,2.3,74.2,0.7,1.6,2.3,1.0,0.4,0.9,0.1,0.4,0.4,1.1,1.5,1.9,3.2,59.2,1.6,0.0,0.0
안양 정관장,문유현,2025-2026,안양 정관장,23:27,23.45,24.0,16.0,8.0,9.1,2.6,5.1,51.2,0.8,2.6,31.7,3.5,7.8,44.6,1.4,2.1,66.0,0.9,2.8,3.7,3.0,1.6,0.1,0.0,0.0,0.0,1.4,2.0,1.8,3.4,53.1,2.3,0.0,0.0
안양 정관장,박정웅,2025-2026,안양 정관장,20:32,20.53,49.0,32.0,17.0,4.6,1.1,2.5,43.5,0.7,2.2,33.3,1.8,4.7,38.8,0.2,0.3,57.1,0.4,1.6,2.1,1.7,1.1,0.2,0.1,0.0,0.0,0.9,1.9,0.7,1.2,55.0,0.8,0.0,0.0
안양 정관장,박정웅,2024-2025,안양 정관장,6:38,6.63,19.0,4.0,15.0,1.5,0.5,1.4,34.6,0.1,0.5,20.0,0.6,1.9,30.6,0.3,0.5,55.6,0.3,0.4,0.7,0.4,0.3,0.1,0.1,0.0,0.0,0.5,0.7,0.3,0.7,46.2,-2.0,0.0,0.0
안양 정관장,박지훈,2025-2026,안양 정관장,27:09,27.15,47.0,29.0,18.0,11.4,3.3,6.0,54.1,1.0,3.3,31.6,4.3,9.3,46.1,1.8,2.3,76.1,1.0,2.7,3.8,4.6,1.1,0.2,0.1,0.0,0.0,1.3,2.4,2.7,4.9,56.6,3.0,0.0,0.0
안양 정관장,박지훈,2024-2025,안양 정관장,31:27,31.45,54.0,25.0,29.0,13.0,3.7,6.6,55.4,1.4,3.6,38.3,5.1,10.3,49.4,1.4,1.9,77.2,1.0,3.2,4.2,5.1,1.7,0.4,0.2,0.0,0.0,2.0,3.0,2.9,4.7,60.4,1.4,0.0,0.0
안양 정관장,박지훈,2023-2024,안양 정관장,28:59,28.98,53.0,18.0,35.0,12.1,3.9,6.7,58.5,1.0,3.2,31.0,4.9,10.0,49.6,1.2,1.5,76.5,1.1,2.5,3.6,4.4,1.4,0.1,0.2,0.0,0.0,1.8,2.9,3.3,5.5,61.0,-2.4,0.0,0.0
안양 정관장,박지훈,2022-2023,안양 KGC,18:37,18.62,54.0,37.0,17.0,6.9,2.3,4.1,56.6,0.5,1.7,30.8,2.8,5.8,49.0,0.7,0.9,74.5,0.9,1.7,2.5,2.5,0.9,0.1,0.1,0.0,0.0,1.1,2.4,2.1,3.4,61.1,1.6,0.0,0.0
안양 정관장,박지훈,2021-2022,안양 KGC,14:04,14.07,37.0,21.0,16.0,4.9,1.3,2.4,54.4,0.6,1.9,33.8,2.0,4.4,45.3,0.3,0.7,38.5,0.4,0.8,1.2,2.3,0.6,0.1,0.1,0.0,0.0,0.8,2.0,1.2,2.2,57.5,-2.8,0.0,0.0
안양 정관장,박지훈,2019-2020,안양 KGC,27:14,27.23,40.0,26.0,14.0,7.6,2.3,4.3,53.2,0.8,2.8,28.8,3.1,7.1,43.6,0.6,0.9,71.4,1.4,2.2,3.5,4.2,1.5,0.2,0.1,0.0,0.0,1.7,2.7,2.1,3.7,57.4,2.9,0.1,0.0
안양 정관장,박지훈,2018-2019,안양 KGC,26:17,26.28,35.0,16.0,19.0,8.6,2.6,5.2,49.5,0.8,2.7,29.8,3.4,7.9,42.8,1.1,1.7,61.7,1.1,1.5,2.6,3.9,2.0,0.1,0.1,0.0,0.0,1.5,2.3,2.2,4.2,52.4,2.7,0.0,0.0
안양 정관장,박지훈,2018-2019,부산 KT,17:37,17.62,16.0,10.0,6.0,6.5,2.4,4.4,53.5,0.3,1.0,31.3,2.7,5.4,49.4,0.8,1.2,68.4,1.1,0.9,2.0,2.6,1.4,0.1,0.0,0.0,0.0,1.4,1.8,2.1,3.3,63.5,1.4,0.0,0.0
안양 정관장,박지훈,2017-2018,부산 KT,16:16,16.27,44.0,8.0,36.0,5.2,1.9,3.5,53.5,0.4,1.3,28.1,2.3,4.8,46.7,0.3,0.5,68.2,0.6,0.9,1.5,2.0,0.6,0.1,0.0,0.0,0.0,0.8,1.5,1.5,2.4,65.4,-0.4,0.0,0.0
안양 정관장,박지훈,2016-2017,부산 KT,9:54,9.9,40.0,9.0,31.0,3.0,1.0,2.6,39.2,0.2,1.3,18.0,1.2,3.8,32.2,0.3,0.4,76.5,0.5,0.5,1.0,1.0,0.5,0.0,0.0,0.0,0.0,0.6,1.2,0.9,1.8,48.6,-3.2,0.0,0.0
안양 정관장,박찬호,2025-2026,안양 정관장,23:13,23.22,1.0,1.0,0.0,6.0,3.0,4.0,75.0,0.0,1.0,0.0,3.0,5.0,60.0,0.0,0.0,0.0,3.0,1.0,4.0,1.0,0.0,0.0,0.0,0.0,0.0,2.0,2.0,3.0,4.0,75.0,-3.0,0.0,0.0
안양 정관장,박찬호,2024-2025,안양 정관장,1:02,1.03,1.0,0.0,1.0,0.0,0.0,0.0,0.0,0.0,0.0,0.0,0.0,0.0,0.0,0.0,0.0,0.0,0.0,0.0,0.0,0.0,0.0,0.0,0.0,0.0,0.0,1.0,0.0,0.0,0.0,0.0,0.0,0.0,0.0
안양 정관장,박찬호,2023-2024,수원 KT,5:38,5.63,5.0,2.0,3.0,0.8,0.4,1.2,33.3,0.0,0.0,0.0,0.4,1.2,33.3,0.0,0.2,0.0,0.2,0.2,0.4,0.2,0.0,0.2,0.0,0.0,0.0,0.2,1.2,0.4,0.6,66.7,-3.0,0.0,0.0
안양 정관장,박찬호,2022-2023,대구 한국가스공사,4:17,4.28,1.0,1.0,0.0,0.0,0.0,1.0,0.0,0.0,0.0,0.0,0.0,1.0,0.0,0.0,0.0,0.0,0.0,0.0,0.0,0.0,0.0,0.0,0.0,0.0,0.0,0.0,1.0,0.0,1.0,0.0,-6.0,0.0,0.0
안양 정관장,박찬호,2020-2021,인천 전자랜드,9:25,9.42,11.0,5.0,6.0,3.0,1.3,3.2,40.0,0.1,0.1,100.0,1.4,3.3,41.7,0.2,0.5,40.0,0.3,1.2,1.5,0.1,0.1,0.0,0.0,0.0,0.0,0.6,1.6,0.8,1.2,69.2,-0.9,0.0,0.0
안양 정관장,박찬호,2019-2020,인천 전자랜드,0:42,0.7,1.0,0.0,1.0,0.0,0.0,0.0,0.0,0.0,0.0,0.0,0.0,0.0,0.0,0.0,0.0,0.0,0.0,0.0,0.0,0.0,0.0,0.0,0.0,0.0,0.0,1.0,0.0,0.0,0.0,0.0,-2.0,0.0,0.0
안양 정관장,변준형,2025-2026,안양 정관장,27:16,27.27,37.0,23.0,14.0,10.4,2.2,4.2,52.9,1.4,4.3,31.3,3.6,8.6,42.0,1.8,2.5,73.1,0.5,2.4,2.9,4.0,0.7,0.2,0.7,0.0,0.0,2.0,1.9,2.0,3.3,60.2,4.6,0.0,0.0
안양 정관장,변준형,2024-2025,안양 정관장,23:01,23.02,24.0,12.0,12.0,6.5,1.5,3.4,45.1,0.8,4.1,18.2,2.3,7.5,30.4,1.1,1.5,77.1,0.6,2.0,2.7,3.4,0.7,0.4,0.3,0.0,0.0,2.0,2.1,1.4,2.5,56.7,-1.4,0.0,0.0
안양 정관장,변준형,2022-2023,안양 KGC,29:42,29.7,53.0,37.0,16.0,14.1,3.9,6.8,57.5,1.5,4.2,34.7,5.4,11.0,48.7,1.9,2.6,71.9,0.9,1.8,2.7,5.0,0.9,0.2,0.5,0.0,0.0,2.1,2.5,3.3,5.2,63.7,5.0,0.0,0.0
안양 정관장,변준형,2021-2022,안양 KGC,30:37,30.62,52.0,31.0,21.0,12.0,2.7,4.8,56.0,1.6,5.2,30.6,4.3,10.0,42.8,1.8,2.6,70.1,0.8,1.5,2.3,5.7,1.2,0.3,0.3,0.0,0.0,2.3,2.7,2.5,4.2,60.8,3.0,0.1,0.0
안양 정관장,변준형,2020-2021,안양 KGC,25:41,25.68,52.0,30.0,22.0,11.0,2.7,4.8,56.6,1.4,4.0,34.0,4.1,8.8,46.3,1.4,2.5,58.6,0.6,1.7,2.3,3.8,1.4,0.4,0.3,0.0,0.0,1.9,2.4,2.5,3.8,65.7,0.9,0.0,0.0
안양 정관장,변준형,2019-2020,안양 KGC,20:47,20.78,28.0,17.0,11.0,7.3,1.8,3.2,56.7,0.9,2.7,31.6,2.7,5.9,45.2,1.1,1.7,66.0,0.7,1.7,2.4,2.4,1.1,0.2,0.3,0.0,0.0,1.4,2.6,1.8,3.1,59.3,2.2,0.0,0.0
안양 정관장,변준형,2018-2019,안양 KGC,19:02,19.03,29.0,14.0,15.0,8.3,1.9,3.4,57.1,1.0,3.8,27.5,3.0,7.1,41.5,1.3,2.1,61.3,0.6,1.1,1.7,2.0,1.2,0.0,0.1,0.0,0.0,1.6,1.9,1.8,3.1,56.7,-0.9,0.0,0.0
안양 정관장,송한준,2025-2026,안양 정관장,30:00,30.0,1.0,1.0,0.0,9.0,3.0,7.0,42.9,1.0,5.0,20.0,4.0,12.0,33.3,0.0,0.0,0.0,2.0,3.0,5.0,1.0,1.0,2.0,0.0,0.0,0.0,1.0,2.0,2.0,3.0,66.7,6.0,0.0,0.0
안양 정관장,이대헌,2025-2026,울산 현대모비스,8:31,8.52,10.0,2.0,8.0,3.3,1.5,3.4,44.1,0.0,0.1,0.0,1.5,3.5,42.9,0.3,0.4,75.0,0.6,0.8,1.4,0.2,0.3,0.0,0.1,0.0,0.0,0.5,0.8,1.2,1.8,66.7,-2.2,0.0,0.0
안양 정관장,이대헌,2024-2025,울산 현대모비스,14:31,14.52,16.0,9.0,7.0,6.1,2.4,3.8,62.3,0.4,1.3,28.6,2.8,5.1,53.7,0.3,0.9,26.7,0.7,1.7,2.4,0.6,0.4,0.0,0.1,0.1,0.1,0.8,1.4,1.9,2.6,73.2,-1.9,0.0,0.0
안양 정관장,이대헌,2024-2025,대구 한국가스공사,22:07,22.12,28.0,16.0,12.0,7.9,3.1,5.5,56.9,0.3,1.5,18.6,3.4,7.0,48.5,0.8,1.3,65.7,2.1,2.6,4.7,1.4,0.8,0.2,0.1,0.0,0.0,1.1,1.7,2.4,3.8,64.8,2.5,0.0,0.0
안양 정관장,이대헌,2023-2024,대구 한국가스공사,28:50,28.83,39.0,14.0,25.0,11.4,4.4,7.9,56.0,0.5,1.7,28.8,4.9,9.6,51.2,1.1,2.1,53.0,1.7,3.4,5.0,1.7,0.6,0.1,0.3,0.0,0.0,1.1,2.1,3.7,6.0,60.9,-1.6,0.0,0.0
안양 정관장,이대헌,2022-2023,대구 한국가스공사,25:48,25.8,47.0,15.0,32.0,12.4,4.0,6.5,61.6,1.0,2.6,36.9,5.0,9.1,54.5,1.5,2.3,64.2,1.4,2.2,3.6,1.6,0.8,0.1,0.0,0.1,0.1,1.1,2.1,2.9,4.4,65.4,-2.6,0.0,0.0
안양 정관장,이대헌,2021-2022,대구 한국가스공사,27:33,27.55,47.0,22.0,25.0,12.7,4.8,8.6,55.4,0.6,1.6,35.1,5.3,10.2,52.3,1.5,2.4,63.1,1.8,3.7,5.4,2.4,0.7,0.1,0.1,0.1,0.1,1.8,2.6,3.8,6.3,61.0,0.3,0.1,0.0
안양 정관장,이대헌,2020-2021,인천 전자랜드,27:35,27.58,51.0,26.0,25.0,12.7,4.5,8.3,54.4,0.6,2.0,31.7,5.2,10.4,49.9,1.7,2.6,64.4,1.5,3.0,4.5,1.6,0.9,0.1,0.1,0.0,0.0,1.5,2.2,3.2,5.2,61.0,0.1,0.0,0.0
안양 정관장,이대헌,2019-2020,인천 전자랜드,18:14,18.23,23.0,9.0,14.0,7.2,2.4,4.7,51.4,0.5,1.6,30.6,2.9,6.2,46.2,1.0,2.1,47.9,0.9,1.3,2.2,0.7,0.8,0.2,0.0,0.0,0.0,1.2,1.9,1.7,3.1,56.3,-0.7,0.0,0.0
안양 정관장,이대헌,2016-2017,인천 전자랜드,7:03,7.05,37.0,20.0,17.0,2.1,1.0,2.1,46.8,0.0,0.0,0.0,1.0,2.1,46.2,0.1,0.2,57.1,0.2,0.4,0.6,0.4,0.2,0.0,0.0,0.0,0.0,0.4,1.3,0.5,1.0,52.8,-1.6,0.0,0.0
안양 정관장,이대헌,2015-2016,서울 SK,13:23,13.38,32.0,12.0,20.0,2.7,1.3,2.3,54.1,0.0,0.0,0.0,1.3,2.3,54.1,0.2,0.5,46.7,0.8,1.0,1.7,0.7,0.6,0.0,0.0,0.0,0.0,0.3,1.9,0.8,1.0,80.6,-0.8,0.0,0.0
안양 정관장,주현우,2025-2026,안양 정관장,15:54,15.9,1.0,1.0,0.0,6.0,3.0,4.0,75.0,0.0,0.0,0.0,3.0,4.0,75.0,0.0,0.0,0.0,2.0,3.0,5.0,0.0,1.0,1.0,0.0,0.0,0.0,0.0,4.0,3.0,3.0,100.0,0.0,0.0,0.0
안양 정관장,주현우,2021-2022,안양 KGC,3:16,3.27,12.0,7.0,5.0,0.7,0.3,0.9,36.4,0.0,0.0,0.0,0.3,0.9,36.4,0.0,0.0,0.0,0.4,0.2,0.6,0.0,0.1,0.0,0.0,0.0,0.0,0.0,0.8,0.3,0.9,36.4,-2.7,0.0,0.0
안양 정관장,표승빈,2025-2026,안양 정관장,7:03,7.05,30.0,19.0,11.0,1.7,0.3,0.5,57.1,0.2,0.7,33.3,0.5,1.2,42.9,0.4,0.6,76.5,0.3,0.5,0.9,0.3,0.2,0.1,0.0,0.0,0.0,0.2,1.0,0.3,0.5,57.1,0.8,0.0,0.0
안양 정관장,표승빈,2023-2024,안양 정관장,2:58,2.97,5.0,0.0,5.0,0.8,0.4,1.2,33.3,0.0,0.6,0.0,0.4,1.8,22.2,0.0,0.0,0.0,0.6,0.2,0.8,0.0,0.4,0.0,0.0,0.0,0.0,0.0,0.0,0.4,1.0,40.0,-0.2,0.0,0.0
안양 정관장,한승희,2025-2026,안양 정관장,22:06,22.1,52.0,34.0,18.0,7.5,2.1,4.4,48.2,0.8,2.2,36.6,2.9,6.5,44.4,0.9,1.2,76.7,1.2,2.7,3.9,1.2,0.6,0.1,0.4,0.0,0.0,0.6,2.7,1.4,2.4,57.3,1.3,0.0,0.0
안양 정관장,한승희,2024-2025,안양 정관장,18:21,18.35,44.0,21.0,23.0,6.3,2.1,4.1,51.1,0.4,1.3,30.4,2.5,5.4,46.2,0.9,1.2,70.4,1.3,2.2,3.5,0.8,0.4,0.2,0.3,0.0,0.0,0.6,2.9,1.4,2.2,63.9,-0.2,0.0,0.0
안양 정관장,한승희,2022-2023,안양 KGC,8:01,8.02,38.0,27.0,11.0,2.2,0.7,1.7,37.9,0.2,0.7,33.3,0.9,2.4,36.6,0.1,0.3,50.0,0.7,0.7,1.4,0.3,0.2,0.1,0.2,0.0,0.0,0.3,1.8,0.6,1.0,53.8,-1.3,0.0,0.0
안양 정관장,한승희,2021-2022,안양 KGC,8:10,8.17,47.0,30.0,17.0,2.9,1.2,2.0,59.1,0.1,0.4,25.0,1.3,2.4,53.1,0.3,0.3,80.0,0.9,0.6,1.5,0.3,0.2,0.1,0.3,0.0,0.0,0.3,1.7,0.7,0.9,72.1,-1.6,0.0,0.0
안양 정관장,한승희,2020-2021,안양 KGC,8:21,8.35,19.0,9.0,10.0,2.5,0.9,1.9,47.2,0.1,0.3,33.3,1.0,2.2,45.2,0.4,0.4,87.5,0.5,0.6,1.1,0.2,0.2,0.0,0.2,0.0,0.0,0.3,1.2,0.7,1.4,48.1,-1.7,0.0,0.0
안양 정관장,허일영,2025-2026,창원 LG,12:10,12.17,44.0,30.0,14.0,3.6,0.8,1.5,53.1,0.5,1.9,28.9,1.3,3.3,39.5,0.4,0.5,81.0,0.6,1.1,1.7,0.2,0.5,0.1,0.0,0.0,0.0,0.2,1.1,0.5,0.9,57.9,0.6,0.0,0.0
안양 정관장,허일영,2024-2025,창원 LG,14:46,14.77,52.0,32.0,20.0,5.0,0.9,1.8,51.1,0.9,2.7,33.8,1.8,4.4,40.7,0.5,0.7,71.4,0.9,1.3,2.2,0.3,0.4,0.1,0.1,0.0,0.0,0.3,1.9,0.6,1.1,53.6,1.7,0.0,0.0
안양 정관장,허일영,2023-2024,서울 SK,22:24,22.4,35.0,18.0,17.0,8.3,1.8,3.3,54.7,1.2,3.0,40.4,3.0,6.3,48.0,1.1,1.3,84.1,1.1,2.0,3.1,0.8,0.6,0.1,0.0,0.0,0.0,0.6,2.0,0.9,1.5,60.8,1.0,0.0,0.0
안양 정관장,허일영,2022-2023,서울 SK,25:45,25.75,54.0,36.0,18.0,9.4,2.0,3.8,52.7,1.2,3.2,38.5,3.2,7.0,46.2,1.7,2.1,81.0,1.2,2.8,4.0,0.6,0.7,0.1,0.1,0.0,0.0,0.4,2.2,1.3,2.2,60.5,3.4,0.0,0.0
안양 정관장,허일영,2021-2022,서울 SK,18:32,18.53,53.0,40.0,13.0,6.6,1.4,2.8,49.3,1.0,2.7,38.5,2.4,5.5,44.0,0.8,1.0,80.4,1.0,1.8,2.8,0.4,0.5,0.1,0.1,0.0,0.0,0.4,2.1,0.9,1.7,55.7,4.1,0.0,0.0
안양 정관장,허일영,2020-2021,고양 오리온,28:11,28.18,51.0,26.0,25.0,10.8,2.8,5.0,56.9,1.3,3.6,36.4,4.2,8.6,48.3,1.1,1.3,85.3,1.3,2.5,3.8,1.3,0.6,0.1,0.1,0.0,0.0,0.8,2.0,1.9,3.1,61.0,3.3,0.0,0.0
안양 정관장,허일영,2019-2020,고양 오리온,23:54,23.9,21.0,6.0,15.0,9.7,2.1,4.0,52.9,1.4,3.4,40.8,3.5,7.4,47.4,1.2,1.7,72.2,1.0,3.2,4.2,0.7,1.1,0.0,0.0,0.0,0.0,0.6,2.1,1.6,2.4,68.0,-1.1,0.0,0.0
안양 정관장,허일영,2018-2019,고양 오리온,27:27,27.45,45.0,23.0,22.0,11.5,2.7,4.8,56.5,1.7,4.4,38.6,4.4,9.1,47.9,1.1,1.5,72.1,1.2,3.1,4.3,1.0,0.8,0.1,0.0,0.0,0.0,0.6,2.5,1.9,3.0,63.2,-0.1,0.0,0.0
안양 정관장,허일영,2017-2018,고양 오리온,32:47,32.78,45.0,17.0,28.0,11.9,2.8,5.1,55.9,1.6,4.2,38.8,4.5,9.3,48.2,1.4,1.8,73.5,1.6,3.2,4.8,0.9,0.8,0.1,0.0,0.0,0.0,1.2,2.3,2.0,3.3,60.7,-1.9,0.0,0.0
안양 정관장,허일영,2016-2017,고양 오리온,22:15,22.25,51.0,33.0,18.0,6.8,1.9,3.5,54.7,0.9,2.3,37.8,2.8,5.8,48.0,0.3,0.5,57.1,1.3,2.3,3.5,0.6,0.7,0.0,0.0,0.0,0.0,0.7,2.0,1.3,2.0,65.4,1.5,0.0,0.0
안양 정관장,허일영,2015-2016,고양 오리온,24:42,24.7,49.0,28.0,21.0,8.7,1.8,3.2,56.6,1.4,3.4,41.2,3.2,6.6,48.8,0.8,0.9,89.1,0.9,2.2,3.1,0.6,0.6,0.1,0.0,0.0,0.0,0.6,2.2,1.0,1.6,62.5,0.4,0.0,0.0
안양 정관장,허일영,2014-2015,고양 오리온스,28:44,28.73,41.0,26.0,15.0,9.7,1.7,3.6,47.0,1.8,3.6,50.0,3.5,7.2,48.5,0.8,1.0,79.1,0.9,3.5,4.4,0.8,0.6,0.1,0.1,0.0,0.0,0.6,2.4,1.1,1.8,59.5,2.7,0.0,0.0
안양 정관장,허일영,2013-2014,고양 오리온스,29:47,29.78,13.0,7.0,6.0,10.2,2.2,3.9,56.9,1.7,3.5,48.9,3.9,7.4,53.1,0.7,0.8,81.8,0.9,2.6,3.5,1.0,0.8,0.2,0.1,0.0,0.0,0.5,2.6,1.5,2.2,65.5,1.8,0.0,0.0
안양 정관장,허일영,2011-2012,고양 오리온스,18:16,18.27,30.0,8.0,22.0,9.0,2.9,5.2,56.1,0.8,2.3,32.9,3.7,7.5,48.9,0.9,1.3,71.8,1.5,1.0,2.5,0.7,0.7,0.1,0.1,0.0,0.0,0.5,1.8,2.0,3.1,63.4,-3.4,0.0,0.0
안양 정관장,허일영,2010-2011,대구 오리온스,21:52,21.87,52.0,14.0,38.0,8.0,1.6,3.1,52.2,1.3,3.2,41.5,2.9,6.3,46.8,0.8,0.9,87.8,1.0,1.7,2.7,0.6,0.6,0.2,0.1,0.0,0.0,0.6,2.1,1.3,2.1,62.4,-0.7,0.0,0.0
안양 정관장,허일영,2009-2010,대구 오리온스,29:23,29.38,51.0,13.0,38.0,10.1,2.3,4.7,47.7,1.5,3.6,41.0,3.7,8.3,44.8,1.2,1.3,86.8,1.3,1.6,2.9,0.8,0.7,0.1,0.2,0.0,0.0,0.7,2.5,1.4,2.8,50.3,-4.8,0.0,0.0
안양 정관장,라숀 토마스,2021-2022,울산 현대모비스,24:40,24.67,43.0,27.0,16.0,16.6,6.7,12.7,53.2,0.0,0.1,0.0,6.7,12.8,52.6,3.1,4.6,67.8,3.6,5.7,9.3,1.8,1.6,1.1,0.1,0.9,0.9,2.0,3.0,5.9,10.4,57.2,3.9,0.4,0.0
울산 현대모비스,김건하,2025-2026,울산 현대모비스,13:50,13.83,28.0,9.0,19.0,3.5,0.8,2.1,36.7,0.5,1.4,35.0,1.3,3.6,36.0,0.5,0.5,92.9,0.1,0.7,0.8,2.5,0.4,0.0,0.0,0.0,0.0,1.0,1.4,0.5,1.2,38.2,-3.7,0.0,0.0
울산 현대모비스,김경원,2025-2026,안양 정관장,11:55,11.92,45.0,29.0,16.0,3.7,1.2,2.1,58.3,0.3,0.8,33.3,1.5,2.9,51.5,0.4,0.6,60.7,0.8,1.8,2.6,0.5,0.4,0.4,0.0,0.0,0.0,0.3,1.4,1.1,1.7,65.8,0.7,0.0,0.0
울산 현대모비스,김경원,2024-2025,안양 정관장,11:43,11.72,34.0,17.0,17.0,3.0,1.1,2.2,52.0,0.1,0.7,16.0,1.3,2.9,43.0,0.4,0.5,75.0,0.9,1.3,2.2,0.4,0.5,0.3,0.1,0.0,0.0,0.2,1.4,1.1,1.9,57.1,0.9,0.0,0.0
울산 현대모비스,김경원,2023-2024,안양 정관장,13:25,13.42,39.0,14.0,25.0,5.4,2.1,3.4,62.4,0.2,0.6,31.8,2.3,4.0,58.1,0.6,0.9,64.7,1.6,1.5,3.1,0.5,0.5,0.6,0.0,0.1,0.1,0.4,1.7,1.8,2.7,66.0,-1.3,0.0,0.0
울산 현대모비스,김경원,2022-2023,안양 KGC,9:15,9.25,10.0,8.0,2.0,2.6,1.0,1.8,55.6,0.2,0.2,100.0,1.2,2.0,60.0,0.0,0.0,0.0,0.9,0.8,1.7,0.2,0.0,0.8,0.1,0.0,0.0,0.4,1.6,0.9,1.3,69.2,-4.5,0.0,0.0
울산 현대모비스,김경원,2020-2021,안양 KGC,5:27,5.45,16.0,7.0,9.0,1.2,0.5,0.9,53.3,0.1,0.1,50.0,0.6,1.1,52.9,0.0,0.0,0.0,0.4,0.4,0.8,0.2,0.3,0.3,0.1,0.0,0.0,0.2,0.6,0.4,0.8,58.3,-0.6,0.0,0.0
울산 현대모비스,김경원,2019-2020,안양 KGC,2:37,2.62,9.0,6.0,3.0,0.3,0.1,0.4,25.0,0.0,0.0,0.0,0.1,0.4,25.0,0.1,0.2,50.0,0.1,0.3,0.4,0.1,0.1,0.0,0.0,0.0,0.0,0.0,0.2,0.1,0.2,50.0,-2.3,0.0,0.0
울산 현대모비스,김동준,2025-2026,울산 현대모비스,1:49,1.82,8.0,2.0,6.0,1.3,0.3,0.8,33.3,0.1,0.4,33.3,0.4,1.1,33.3,0.4,0.4,100.0,0.1,0.1,0.3,0.3,0.0,0.0,0.1,0.0,0.0,0.0,0.0,0.3,0.6,40.0,-1.0,0.0,0.0
울산 현대모비스,김동준,2024-2025,울산 현대모비스,6:02,6.03,1.0,0.0,1.0,2.0,0.0,1.0,0.0,0.0,1.0,0.0,0.0,2.0,0.0,2.0,2.0,100.0,0.0,0.0,0.0,0.0,0.0,0.0,0.0,0.0,0.0,0.0,1.0,0.0,0.0,0.0,-2.0,0.0,0.0
울산 현대모비스,김동준,2022-2023,울산 현대모비스,10:17,10.28,27.0,15.0,12.0,2.6,0.7,2.3,29.0,0.3,1.0,34.6,1.0,3.3,30.7,0.3,0.6,47.1,0.1,0.7,0.8,1.0,0.3,0.0,0.1,0.0,0.0,0.7,0.9,0.6,1.9,29.4,-0.3,0.0,0.0
울산 현대모비스,김동준,2021-2022,울산 현대모비스,7:56,7.93,31.0,17.0,14.0,3.4,0.8,1.5,53.2,0.5,1.3,38.5,1.3,2.8,46.5,0.3,0.4,81.8,0.1,0.8,0.9,1.3,0.4,0.0,0.1,0.0,0.0,0.7,0.6,0.7,1.2,59.5,0.6,0.0,0.0
울산 현대모비스,김태완,2025-2026,울산 현대모비스,3:00,3.0,1.0,0.0,1.0,0.0,0.0,0.0,0.0,0.0,1.0,0.0,0.0,1.0,0.0,0.0,0.0,0.0,0.0,0.0,0.0,0.0,1.0,0.0,0.0,0.0,0.0,1.0,1.0,0.0,0.0,0.0,-9.0,0.0,0.0
울산 현대모비스,김태완,2023-2024,울산 현대모비스,14:06,14.1,39.0,19.0,20.0,2.6,0.5,1.5,33.3,0.4,1.4,32.1,0.9,2.9,32.7,0.3,0.4,58.8,0.3,0.8,1.2,1.2,0.6,0.1,0.1,0.0,0.0,0.7,1.5,0.3,0.8,43.3,-0.6,0.0,0.0
울산 현대모비스,김태완,2022-2023,울산 현대모비스,11:42,11.7,33.0,23.0,10.0,2.8,0.6,1.3,45.2,0.4,1.3,31.8,1.0,2.6,38.4,0.4,0.5,86.7,0.4,0.8,1.2,1.3,0.5,0.0,0.2,0.0,0.0,0.6,1.5,0.5,0.8,68.0,-1.2,0.0,0.0
울산 현대모비스,박무빈,2025-2026,울산 현대모비스,29:46,29.77,48.0,15.0,33.0,9.4,2.2,4.5,48.8,1.2,3.6,33.7,3.4,8.2,42.1,1.3,1.6,78.9,1.2,2.4,3.6,6.0,0.9,0.1,0.5,0.0,0.0,2.2,2.8,1.6,2.9,56.4,-1.0,0.0,0.0
울산 현대모비스,박무빈,2024-2025,울산 현대모비스,21:20,21.33,53.0,32.0,21.0,6.0,1.9,4.3,44.5,0.5,1.8,28.6,2.4,6.1,39.7,0.6,0.9,68.0,0.6,2.1,2.7,2.8,0.5,0.0,0.2,0.0,0.0,1.2,2.2,1.4,2.6,52.9,2.7,0.0,0.0
울산 현대모비스,박무빈,2023-2024,울산 현대모비스,24:32,24.53,32.0,16.0,16.0,9.1,2.3,4.6,50.0,1.1,3.4,30.9,3.4,8.1,41.9,1.3,1.8,72.4,1.1,2.1,3.2,4.3,0.6,0.0,0.3,0.0,0.0,2.1,2.4,1.9,3.5,54.0,0.4,0.0,0.0
울산 현대모비스,박정환,2025-2026,울산 현대모비스,7:53,7.88,6.0,1.0,5.0,2.7,0.7,2.2,30.8,0.3,0.7,50.0,1.0,2.8,35.3,0.3,0.3,100.0,0.0,0.3,0.3,1.7,0.5,0.0,0.3,0.0,0.0,1.2,1.8,0.3,1.2,28.6,-4.7,0.0,0.0
울산 현대모비스,배병준,2025-2026,창원 LG,8:29,8.48,13.0,8.0,5.0,2.2,0.2,0.9,16.7,0.5,1.8,29.2,0.7,2.8,25.0,0.3,0.5,57.1,0.2,1.0,1.2,0.2,0.1,0.0,0.0,0.0,0.0,0.5,0.5,0.1,0.7,11.1,-0.9,0.0,0.0
울산 현대모비스,배병준,2024-2025,안양 정관장,26:56,26.93,40.0,14.0,26.0,10.0,1.8,3.5,51.4,1.7,4.8,34.6,3.5,8.3,41.7,1.5,1.7,87.9,0.6,2.5,3.0,1.8,0.7,0.3,0.1,0.0,0.0,1.2,1.7,1.2,2.1,56.0,-0.4,0.0,0.0
울산 현대모비스,배병준,2023-2024,안양 정관장,25:08,25.13,36.0,12.0,24.0,9.1,1.8,3.8,46.7,1.6,4.7,34.3,3.4,8.4,39.8,0.8,0.8,96.7,0.3,1.5,1.8,1.4,0.6,0.1,0.0,0.0,0.0,0.8,1.4,1.4,2.8,52.5,-4.2,0.0,0.0
울산 현대모비스,배병준,2022-2023,안양 KGC,19:35,19.58,46.0,33.0,13.0,6.1,1.3,2.6,47.9,1.0,2.7,38.2,2.3,5.3,43.0,0.5,0.7,72.7,0.4,1.7,2.1,1.2,0.5,0.1,0.2,0.0,0.0,0.6,1.2,0.9,1.5,56.3,2.3,0.0,0.0
울산 현대모비스,배병준,2021-2022,서울 SK,5:29,5.48,19.0,15.0,4.0,2.6,0.7,1.6,43.3,0.3,0.6,45.5,0.9,2.2,43.9,0.4,0.5,88.9,0.3,0.3,0.6,0.3,0.3,0.0,0.2,0.0,0.0,0.3,0.3,0.3,0.7,46.2,-1.3,0.0,0.0
울산 현대모비스,배병준,2020-2021,서울 SK,7:55,7.92,44.0,20.0,24.0,2.5,0.5,0.9,61.5,0.4,1.5,29.7,1.0,2.3,41.7,0.1,0.2,85.7,0.3,0.7,0.9,0.4,0.3,0.1,0.0,0.0,0.0,0.2,0.7,0.5,0.8,67.6,-0.5,0.0,0.0
울산 현대모비스,배병준,2019-2020,안양 KGC,5:17,5.28,30.0,19.0,11.0,0.9,0.1,0.2,28.6,0.2,1.1,17.6,0.3,1.4,19.5,0.2,0.4,50.0,0.1,0.5,0.6,0.5,0.2,0.0,0.0,0.0,0.0,0.0,0.2,0.0,0.1,33.3,-1.5,0.0,0.0
울산 현대모비스,배병준,2018-2019,안양 KGC,13:16,13.27,47.0,21.0,26.0,5.2,0.4,1.0,38.3,1.3,3.7,33.9,1.6,4.7,34.8,0.7,0.8,83.8,0.5,1.1,1.6,0.6,0.3,0.0,0.1,0.0,0.0,0.3,1.5,0.3,0.6,46.2,-1.1,0.0,0.0
울산 현대모비스,배병준,2017-2018,창원 LG,6:34,6.57,2.0,0.0,2.0,5.0,1.0,1.0,100.0,1.0,2.0,50.0,2.0,3.0,66.7,0.0,0.0,0.0,0.0,0.0,0.0,0.0,0.0,0.0,0.0,0.0,0.0,0.0,0.0,0.5,0.5,100.0,2.5,0.0,0.0
울산 현대모비스,배병준,2014-2015,창원 LG,7:00,7.0,27.0,9.0,18.0,1.8,0.4,1.0,42.3,0.3,1.0,26.9,0.7,1.9,34.6,0.2,0.3,71.4,0.1,0.3,0.4,0.1,0.1,0.0,0.0,0.0,0.0,0.2,0.7,0.2,0.4,60.0,0.5,0.0,0.0
울산 현대모비스,배병준,2012-2013,창원 LG,6:54,6.9,11.0,2.0,9.0,1.3,0.3,0.9,30.0,0.2,0.7,25.0,0.5,1.6,27.8,0.2,0.2,100.0,0.1,0.3,0.4,0.5,0.4,0.1,0.0,0.0,0.0,0.6,0.5,0.0,0.3,0.0,-3.5,0.0,0.0
울산 현대모비스,서명진,2025-2026,울산 현대모비스,32:33,32.55,54.0,18.0,36.0,12.8,2.5,5.3,47.2,2.2,5.4,40.6,4.7,10.7,43.8,1.2,1.4,83.1,0.6,2.0,2.6,4.8,0.9,0.1,0.1,0.0,0.0,1.9,2.4,1.6,2.9,55.1,-2.3,0.0,0.0
울산 현대모비스,서명진,2024-2025,울산 현대모비스,22:29,22.48,47.0,28.0,19.0,7.1,1.3,2.7,48.8,1.4,4.0,34.0,2.7,6.7,39.9,0.4,0.5,83.3,0.5,1.8,2.3,3.0,0.6,0.1,0.1,0.0,0.0,1.1,2.0,0.9,1.6,54.7,-0.1,0.0,0.0
울산 현대모비스,서명진,2023-2024,울산 현대모비스,19:50,19.83,4.0,3.0,1.0,5.8,1.0,3.0,33.3,1.3,4.3,29.4,2.3,7.3,31.0,0.0,0.0,0.0,0.3,1.3,1.5,2.5,0.8,0.3,0.3,0.0,0.0,1.3,1.8,1.0,2.3,44.4,8.5,0.0,0.0
울산 현대모비스,서명진,2022-2023,울산 현대모비스,27:11,27.18,54.0,34.0,20.0,10.2,2.3,4.8,48.5,1.5,4.4,34.0,3.8,9.2,41.6,1.1,1.5,71.3,0.7,1.6,2.3,3.4,0.8,0.1,0.0,0.0,0.0,1.6,2.1,1.6,2.8,59.7,1.2,0.0,0.0
울산 현대모비스,서명진,2021-2022,울산 현대모비스,24:52,24.87,46.0,23.0,23.0,10.1,2.1,4.5,46.6,1.6,4.4,35.8,3.7,8.9,41.2,1.2,1.6,72.6,0.4,2.1,2.5,4.4,0.6,0.1,0.0,0.0,0.0,1.8,1.9,1.5,2.7,53.6,0.3,0.0,0.0
울산 현대모비스,서명진,2020-2021,울산 현대모비스,26:02,26.03,53.0,32.0,21.0,8.3,1.8,3.9,44.9,1.2,3.6,34.4,3.0,7.5,39.9,1.1,1.3,82.6,0.6,1.8,2.4,4.5,0.7,0.1,0.1,0.0,0.0,2.0,1.8,1.4,2.8,50.3,1.5,0.0,0.0
울산 현대모비스,서명진,2019-2020,울산 현대모비스,12:49,12.82,30.0,13.0,17.0,5.1,0.7,1.5,44.4,1.1,2.5,44.0,1.8,4.0,44.2,0.5,0.6,73.7,0.3,0.8,1.1,1.9,0.4,0.0,0.0,0.0,0.0,0.8,0.9,0.5,0.9,53.6,-1.1,0.0,0.0
울산 현대모비스,서명진,2018-2019,울산 현대모비스,9:42,9.7,21.0,17.0,4.0,2.7,0.5,1.3,39.3,0.5,1.3,35.7,1.0,2.7,37.5,0.2,0.5,40.0,0.3,0.7,1.0,0.9,0.3,0.0,0.0,0.0,0.0,1.1,0.9,0.4,0.8,47.1,-1.3,0.0,0.0
울산 현대모비스,이대균,2025-2026,울산 현대모비스,5:59,5.98,25.0,7.0,18.0,1.6,0.5,0.9,52.2,0.2,0.8,19.0,0.6,1.8,36.4,0.2,0.2,83.3,0.4,0.6,1.0,0.3,0.0,0.1,0.0,0.0,0.0,0.2,0.4,0.3,0.8,42.1,-2.0,0.0,0.0
울산 현대모비스,이대균,2024-2025,울산 현대모비스,1:26,1.43,1.0,1.0,0.0,0.0,0.0,1.0,0.0,0.0,0.0,0.0,0.0,1.0,0.0,0.0,0.0,0.0,0.0,1.0,1.0,0.0,0.0,0.0,0.0,0.0,0.0,0.0,0.0,0.0,1.0,0.0,-1.0,0.0,0.0
울산 현대모비스,이도헌,2025-2026,울산 현대모비스,5:51,5.85,45.0,17.0,28.0,1.3,0.2,0.4,64.7,0.2,0.9,27.5,0.5,1.3,38.6,0.1,0.2,33.3,0.2,0.5,0.6,0.2,0.2,0.0,0.1,0.0,0.0,0.2,1.1,0.2,0.4,62.5,-0.8,0.0,0.0
울산 현대모비스,이도헌,2024-2025,대구 한국가스공사,1:59,1.98,5.0,2.0,3.0,0.0,0.0,0.2,0.0,0.0,0.8,0.0,0.0,1.0,0.0,0.0,0.0,0.0,0.0,0.0,0.0,0.2,0.2,0.0,0.0,0.0,0.0,0.0,0.6,0.0,0.0,0.0,-3.4,0.0,0.0
울산 현대모비스,이도헌,2023-2024,대구 한국가스공사,6:25,6.42,12.0,4.0,8.0,2.8,0.3,0.6,42.9,0.6,1.4,41.2,0.8,2.0,41.7,0.5,0.6,85.7,0.1,0.6,0.7,0.3,0.3,0.0,0.1,0.0,0.0,0.2,1.1,0.2,0.5,33.3,0.8,0.0,0.0
울산 현대모비스,이도헌,2021-2022,대구 한국가스공사,10:09,10.15,2.0,2.0,0.0,2.5,1.0,1.5,66.7,0.0,1.0,0.0,1.0,2.5,40.0,0.5,1.0,50.0,0.5,1.0,1.5,3.0,0.5,0.0,0.5,0.0,0.0,1.0,0.5,1.0,1.5,66.7,0.0,0.0,0.0
울산 현대모비스,이도헌,2020-2021,인천 전자랜드,6:21,6.35,2.0,1.0,1.0,3.5,1.0,1.5,66.7,0.5,1.5,33.3,1.5,3.0,50.0,0.0,0.0,0.0,0.5,0.5,1.0,0.0,0.0,0.0,0.0,0.0,0.0,0.0,0.5,1.0,1.0,100.0,-2.5,0.0,0.0
울산 현대모비스,이승현,2025-2026,울산 현대모비스,28:06,28.1,51.0,16.0,35.0,8.4,3.7,8.6,42.8,0.1,0.6,22.6,3.8,9.2,41.5,0.6,0.8,69.0,2.1,3.6,5.8,2.3,0.8,0.4,0.0,0.0,0.0,1.2,1.8,1.4,2.8,51.1,-4.1,0.0,0.0
울산 현대모비스,이승현,2024-2025,부산 KCC,29:24,29.4,54.0,18.0,36.0,9.5,3.9,8.4,47.2,0.3,0.9,27.5,4.2,9.3,45.2,0.8,1.0,79.6,1.6,3.6,5.2,2.3,0.7,0.3,0.1,0.0,0.0,1.1,1.6,2.2,4.6,47.4,-2.6,0.1,0.0
울산 현대모비스,이승현,2023-2024,부산 KCC,24:01,24.02,54.0,30.0,24.0,7.2,2.6,5.2,49.3,0.4,1.1,35.1,2.9,6.2,46.9,1.0,1.2,83.3,1.1,2.5,3.6,1.7,0.5,0.4,0.1,0.0,0.0,0.7,1.8,1.7,2.9,59.9,0.1,0.0,0.0
울산 현대모비스,이승현,2022-2023,전주 KCC,32:19,32.32,49.0,23.0,26.0,10.4,4.0,8.6,45.9,0.3,1.2,28.3,4.3,9.9,43.7,1.5,2.1,72.3,2.3,4.0,6.3,2.6,0.7,0.3,0.1,0.0,0.0,1.1,1.7,2.2,4.0,54.0,0.5,0.1,0.0
울산 현대모비스,이승현,2021-2022,고양 오리온,34:21,34.35,48.0,25.0,23.0,13.5,4.8,9.7,49.7,0.8,2.2,37.1,5.6,11.9,47.4,1.4,1.6,89.3,1.7,3.8,5.6,2.7,1.0,0.4,0.1,0.0,0.0,1.3,1.7,2.2,4.1,54.3,-0.9,0.0,0.0
울산 현대모비스,이승현,2020-2021,고양 오리온,31:51,31.85,52.0,28.0,24.0,11.8,4.6,8.9,51.3,0.5,1.8,27.1,5.1,10.8,47.1,1.1,1.4,77.3,1.6,4.0,5.6,3.0,0.8,0.7,0.0,0.0,0.0,1.3,1.7,2.0,3.8,52.0,5.1,0.1,0.0
울산 현대모비스,이승현,2019-2020,고양 오리온,29:20,29.33,43.0,13.0,30.0,9.5,3.4,7.1,47.7,0.7,2.1,32.6,4.0,9.1,44.3,0.8,1.1,70.2,2.2,3.7,5.9,1.9,0.9,0.5,0.1,0.0,0.0,1.2,2.0,1.9,3.6,52.6,-3.5,0.1,0.0
울산 현대모비스,이승현,2018-2019,고양 오리온,33:28,33.47,15.0,8.0,7.0,12.1,4.1,7.3,56.9,0.9,2.1,43.8,5.1,9.4,53.9,1.0,1.5,68.2,1.9,5.2,7.1,2.5,0.9,0.9,0.0,0.0,0.0,1.6,2.7,3.1,4.3,73.4,-1.1,0.1,0.0
울산 현대모비스,이승현,2016-2017,고양 오리온,34:01,34.02,46.0,32.0,14.0,11.6,3.3,5.8,56.7,1.2,3.4,36.1,4.5,9.2,49.2,1.3,1.7,78.2,2.0,4.5,6.5,2.4,1.2,0.5,0.0,0.0,0.0,1.1,2.2,2.1,3.5,61.3,5.0,0.1,0.0
울산 현대모비스,이승현,2015-2016,고양 오리온,35:04,35.07,45.0,24.0,21.0,11.2,4.1,7.0,58.3,0.5,2.2,24.2,4.6,9.2,50.1,1.5,1.8,79.5,2.2,3.3,5.5,2.2,1.2,0.6,0.1,0.0,0.0,1.1,2.1,3.0,4.4,68.5,2.8,0.1,0.0
울산 현대모비스,이승현,2014-2015,고양 오리온스,33:34,33.57,54.0,31.0,23.0,10.9,2.8,5.2,53.4,1.3,3.1,42.9,4.1,8.3,49.4,1.3,1.5,86.6,2.0,3.1,5.1,2.0,1.0,0.6,0.1,0.0,0.0,1.0,2.2,2.0,3.4,57.0,2.8,0.0,0.0
울산 현대모비스,정준원,2025-2026,울산 현대모비스,12:40,12.67,37.0,11.0,26.0,3.4,0.9,1.4,64.7,0.5,1.6,31.0,1.4,2.9,46.8,0.2,0.3,70.0,0.3,0.9,1.2,0.6,0.3,0.0,0.0,0.0,0.0,0.5,1.4,0.7,1.0,73.0,-2.6,0.0,0.0
울산 현대모비스,정준원,2024-2025,안양 정관장,10:46,10.77,30.0,17.0,13.0,3.2,1.0,1.6,62.5,0.3,1.2,27.8,1.3,2.8,47.6,0.2,0.3,75.0,0.5,0.4,0.9,0.4,0.4,0.1,0.0,0.0,0.0,0.4,1.1,0.9,1.4,66.7,2.0,0.0,0.0
울산 현대모비스,정준원,2023-2024,안양 정관장,12:12,12.2,45.0,15.0,30.0,3.7,1.1,2.2,49.5,0.4,1.4,27.4,1.4,3.5,40.9,0.4,0.6,66.7,0.7,0.8,1.5,0.3,0.3,0.1,0.0,0.0,0.0,0.4,1.4,0.9,1.6,54.1,-2.3,0.0,0.0
울산 현대모비스,정준원,2022-2023,안양 KGC,7:14,7.23,44.0,32.0,12.0,2.7,1.0,1.7,57.5,0.2,0.7,30.0,1.2,2.3,49.5,0.2,0.3,81.8,0.3,0.8,1.0,0.4,0.1,0.0,0.0,0.0,0.0,0.2,0.5,0.8,1.2,63.0,-0.5,0.0,0.0
울산 현대모비스,정준원,2021-2022,원주 DB,12:23,12.38,39.0,17.0,22.0,3.6,1.2,2.3,52.2,0.3,0.9,34.3,1.5,3.2,47.2,0.2,0.3,75.0,0.6,0.7,1.3,0.4,0.4,0.1,0.0,0.0,0.0,0.4,1.1,1.1,1.8,59.4,-0.7,0.0,0.0
울산 현대모비스,정준원,2020-2021,원주 DB,19:56,19.93,7.0,4.0,3.0,5.4,1.6,3.4,45.8,0.4,1.3,33.3,2.0,4.7,42.4,1.0,1.6,63.6,0.9,1.1,2.0,0.1,0.6,0.1,0.0,0.0,0.0,1.0,1.7,1.4,2.9,50.0,3.1,0.0,0.0
울산 현대모비스,정준원,2019-2020,창원 LG,7:01,7.02,21.0,7.0,14.0,1.9,0.7,1.4,51.7,0.1,0.4,37.5,0.9,1.8,48.6,0.0,0.0,100.0,0.4,0.5,0.9,0.0,0.3,0.0,0.0,0.0,0.0,0.1,0.7,0.6,1.1,54.2,-1.4,0.0,0.0
울산 현대모비스,정준원,2018-2019,창원 LG,4:56,4.93,16.0,7.0,9.0,1.4,0.4,0.6,70.0,0.1,0.8,16.7,0.6,1.4,40.9,0.1,0.2,66.7,0.2,0.2,0.4,0.2,0.1,0.0,0.0,0.0,0.0,0.3,0.6,0.3,0.4,83.3,-2.8,0.0,0.0
울산 현대모비스,정준원,2017-2018,창원 LG,6:15,6.25,19.0,6.0,13.0,1.7,0.5,1.3,37.5,0.2,1.2,17.4,0.7,2.5,27.7,0.1,0.2,50.0,0.3,0.4,0.7,0.2,0.3,0.1,0.0,0.0,0.0,0.4,1.0,0.5,0.8,56.3,1.8,0.0,0.0
울산 현대모비스,정준원,2012-2013,서울 SK,3:14,3.23,6.0,6.0,0.0,2.3,1.2,1.8,63.6,0.0,0.3,0.0,1.2,2.2,53.8,0.0,0.0,0.0,0.3,0.2,0.5,0.2,0.0,0.2,0.0,0.0,0.0,0.0,0.2,0.7,1.3,50.0,-3.3,0.0,0.0
울산 현대모비스,조한진,2025-2026,울산 현대모비스,26:24,26.4,43.0,14.0,29.0,5.8,0.8,1.6,50.7,1.3,4.2,30.9,2.1,5.8,36.3,0.3,0.4,68.4,0.9,2.5,3.4,0.7,1.0,0.3,0.2,0.0,0.0,0.5,2.9,0.7,1.1,60.4,-0.2,0.0,0.0
울산 현대모비스,조한진,2024-2025,울산 현대모비스,3:15,3.25,2.0,2.0,0.0,0.0,0.0,0.0,0.0,0.0,1.0,0.0,0.0,1.0,0.0,0.0,0.0,0.0,0.0,0.0,0.0,0.0,0.0,0.0,0.0,0.0,0.0,0.0,0.5,0.0,0.0,0.0,3.0,0.0,0.0
울산 현대모비스,조한진,2022-2023,고양 캐롯,15:18,15.3,50.0,25.0,25.0,4.1,0.5,0.9,62.8,0.9,3.1,30.7,1.5,3.9,37.8,0.2,0.4,57.9,0.8,1.4,2.3,0.4,0.6,0.2,0.1,0.0,0.0,0.3,1.5,0.4,0.5,80.0,-0.5,0.0,0.0
울산 현대모비스,조한진,2021-2022,고양 오리온,11:22,11.37,34.0,17.0,17.0,2.3,0.4,0.9,37.5,0.4,1.8,22.6,0.8,2.8,27.7,0.3,0.4,73.3,0.3,0.9,1.2,0.4,0.5,0.1,0.1,0.0,0.0,0.3,0.9,0.3,0.6,50.0,-1.0,0.0,0.0
울산 현대모비스,조한진,2020-2021,고양 오리온,7:40,7.67,28.0,14.0,14.0,1.7,0.4,0.9,44.0,0.3,0.8,30.4,0.6,1.7,37.5,0.1,0.4,40.0,0.5,0.4,1.0,0.3,0.1,0.1,0.0,0.0,0.0,0.3,0.6,0.3,0.4,66.7,0.1,0.0,0.0
울산 현대모비스,조한진,2019-2020,고양 오리온,6:44,6.73,13.0,3.0,10.0,2.7,0.2,1.0,15.4,0.8,2.0,38.5,0.9,3.0,30.8,0.1,0.2,50.0,0.2,0.7,0.9,0.3,0.4,0.1,0.0,0.0,0.0,0.2,0.5,0.2,0.7,22.2,-0.8,0.0,0.0
울산 현대모비스,조한진,2018-2019,고양 오리온,5:37,5.62,19.0,13.0,6.0,1.4,0.4,0.6,63.6,0.2,0.6,33.3,0.6,1.2,47.8,0.1,0.1,100.0,0.1,0.2,0.3,0.2,0.1,0.1,0.0,0.0,0.0,0.5,0.6,0.3,0.5,66.7,-0.9,0.0,0.0
울산 현대모비스,최강민,2025-2026,울산 현대모비스,12:02,12.03,27.0,7.0,20.0,2.6,0.4,0.6,66.7,0.6,2.3,24.2,0.9,2.9,32.5,0.2,0.4,50.0,0.6,0.8,1.3,0.5,0.6,0.1,0.2,0.0,0.0,0.3,1.4,0.3,0.4,72.7,-2.1,0.0,0.0
울산 현대모비스,게이지 프림,2024-2025,울산 현대모비스,20:33,20.55,54.0,33.0,21.0,17.0,6.7,12.9,51.9,0.3,1.0,27.8,7.0,13.9,50.2,2.8,3.3,83.9,2.2,4.4,6.6,2.0,0.9,0.5,0.0,0.2,0.2,1.6,2.0,4.9,8.4,57.5,2.2,0.2,0.0
울산 현대모비스,게이지 프림,2023-2024,울산 현대모비스,23:52,23.87,54.0,26.0,28.0,20.4,8.0,13.6,58.4,0.2,0.9,19.1,8.1,14.5,56.1,4.0,5.0,80.4,2.7,5.2,7.8,1.6,0.9,0.5,0.0,0.4,0.4,1.6,2.2,6.4,10.0,63.6,-0.5,0.4,0.0
울산 현대모비스,게이지 프림,2022-2023,울산 현대모비스,27:18,27.3,54.0,34.0,20.0,18.7,7.5,13.2,56.6,0.1,0.2,30.8,7.5,13.4,56.1,3.5,4.7,74.2,3.9,6.8,10.7,2.3,1.4,0.8,0.0,0.3,0.3,1.8,3.0,6.4,10.6,60.3,3.6,0.6,0.0
원주 DB,강상재,2025-2026,원주 DB,30:27,30.45,33.0,21.0,12.0,8.5,2.3,4.1,56.7,1.0,2.8,37.4,3.3,6.8,48.9,0.8,1.2,70.0,1.4,3.8,5.2,1.9,0.8,0.5,0.2,0.0,0.0,1.3,1.7,2.1,3.2,65.1,3.6,0.0,0.0
원주 DB,강상재,2024-2025,원주 DB,30:09,30.15,40.0,16.0,24.0,8.1,2.7,4.9,55.9,0.7,2.2,31.4,3.4,7.0,48.4,0.7,0.9,70.3,2.1,5.3,7.4,1.9,0.6,0.6,0.1,0.0,0.0,1.2,1.9,2.3,3.6,64.1,0.1,0.1,0.0
원주 DB,강상재,2023-2024,원주 DB,32:59,32.98,51.0,39.0,12.0,14.0,3.8,6.3,60.0,1.6,3.9,41.5,5.4,10.2,52.9,1.5,2.1,72.5,1.5,4.7,6.3,4.3,0.9,0.4,0.0,0.0,0.0,2.6,2.5,3.2,5.1,62.7,7.7,0.2,0.0
원주 DB,강상재,2022-2023,원주 DB,27:24,27.4,40.0,19.0,21.0,10.5,3.2,6.5,49.0,1.0,3.1,32.5,4.2,9.6,43.7,1.1,1.4,78.6,1.4,3.6,5.1,2.4,0.7,0.4,0.0,0.0,0.0,1.7,1.5,2.5,4.2,58.9,-2.4,0.1,0.0
원주 DB,강상재,2021-2022,원주 DB,25:39,25.65,38.0,16.0,22.0,9.3,3.3,6.1,54.1,0.7,2.1,33.3,4.0,8.2,48.7,0.6,0.9,65.7,1.8,4.3,6.2,2.4,0.9,0.5,0.1,0.0,0.0,1.4,1.7,2.5,4.0,62.5,0.2,0.1,0.0
원주 DB,강상재,2019-2020,인천 전자랜드,27:22,27.37,42.0,21.0,21.0,8.5,2.6,5.6,46.6,0.9,3.1,29.2,3.5,8.7,40.4,0.6,1.0,65.9,1.7,4.3,6.0,1.4,0.7,0.4,0.0,0.0,0.0,1.0,1.9,1.6,2.7,59.1,-1.7,0.0,0.0
원주 DB,강상재,2018-2019,인천 전자랜드,26:57,26.95,48.0,34.0,14.0,11.8,3.9,6.5,61.0,0.9,2.1,39.8,4.8,8.6,55.7,1.3,1.9,71.9,1.7,4.0,5.7,1.4,0.7,0.4,0.0,0.0,0.0,1.0,3.3,2.6,4.0,65.3,3.8,0.1,0.0
원주 DB,강상재,2017-2018,인천 전자랜드,28:01,28.02,54.0,29.0,25.0,9.4,3.4,6.4,53.0,0.6,2.1,27.0,4.0,8.6,46.5,0.9,1.3,68.1,2.0,3.2,5.3,1.3,0.7,0.4,0.0,0.0,0.0,0.8,3.4,2.3,3.7,61.4,2.1,0.0,0.0
원주 DB,강상재,2016-2017,인천 전자랜드,23:01,23.02,50.0,24.0,26.0,8.2,2.3,4.9,46.7,0.9,2.9,32.4,3.2,7.8,41.4,0.8,1.1,69.6,1.8,2.8,4.7,1.0,0.4,0.4,0.0,0.0,0.0,0.8,2.3,1.3,2.3,57.3,2.7,0.0,0.0
원주 DB,김보배,2025-2026,원주 DB,14:54,14.9,45.0,27.0,18.0,4.7,2.1,3.4,62.7,0.0,0.1,25.0,2.2,3.5,61.8,0.4,0.6,58.6,1.4,1.9,3.3,1.3,0.2,0.6,0.0,0.2,0.2,0.8,2.2,1.9,3.0,64.2,0.5,0.0,0.0
원주 DB,김보배,2024-2025,원주 DB,9:14,9.23,17.0,9.0,8.0,3.2,1.4,2.3,61.5,0.0,0.0,0.0,1.4,2.3,61.5,0.4,0.9,40.0,1.4,1.5,2.8,0.5,0.3,0.6,0.1,0.2,0.2,0.6,1.4,1.4,2.2,64.9,-1.3,0.0,0.0
원주 DB,김휴범,2025-2026,원주 DB,3:00,3.0,13.0,10.0,3.0,0.3,0.0,0.4,0.0,0.1,0.2,33.3,0.1,0.6,12.5,0.1,0.2,50.0,0.1,0.2,0.2,0.3,0.0,0.0,0.0,0.0,0.0,0.5,0.3,0.0,0.3,0.0,-0.2,0.0,0.0
원주 DB,박봉진,2024-2025,원주 DB,10:03,10.05,22.0,11.0,11.0,0.9,0.2,0.5,40.0,0.1,1.2,11.5,0.3,1.6,19.4,0.1,0.1,100.0,0.8,1.0,1.8,0.7,0.3,0.0,0.1,0.0,0.0,0.2,1.9,0.2,0.4,50.0,-1.6,0.0,0.0
원주 DB,박봉진,2023-2024,대구 한국가스공사,12:39,12.65,35.0,11.0,24.0,2.2,0.1,0.3,50.0,0.6,2.0,31.4,0.8,2.3,33.8,0.0,0.0,0.0,0.8,1.2,2.0,0.5,0.5,0.0,0.3,0.0,0.0,0.1,1.9,0.1,0.2,33.3,-0.1,0.0,0.0
원주 DB,박봉진,2022-2023,대구 한국가스공사,5:13,5.22,3.0,1.0,2.0,1.7,0.0,0.7,0.0,0.3,1.0,33.3,0.3,1.7,20.0,0.7,0.7,100.0,0.0,0.3,0.3,0.0,0.3,0.0,0.0,0.0,0.0,0.0,1.0,0.0,0.3,0.0,4.3,0.0,0.0
원주 DB,박봉진,2021-2022,대구 한국가스공사,4:25,4.42,16.0,10.0,6.0,1.1,0.1,0.3,20.0,0.2,0.6,30.0,0.3,0.9,26.7,0.4,0.5,75.0,0.3,0.5,0.8,0.4,0.1,0.0,0.1,0.0,0.0,0.0,1.0,0.0,0.1,0.0,0.3,0.0,0.0
원주 DB,박봉진,2019-2020,인천 전자랜드,5:19,5.32,13.0,8.0,5.0,0.3,0.2,0.3,50.0,0.0,0.3,0.0,0.2,0.6,25.0,0.0,0.0,0.0,0.3,0.9,1.2,0.4,0.2,0.1,0.2,0.0,0.0,0.2,1.7,0.2,0.2,66.7,0.0,0.0,0.0
원주 DB,박봉진,2018-2019,인천 전자랜드,7:28,7.47,38.0,24.0,14.0,0.9,0.2,0.6,31.8,0.1,0.4,33.3,0.3,1.0,32.4,0.2,0.3,46.2,0.6,0.3,0.9,0.3,0.2,0.0,0.1,0.0,0.0,0.3,1.8,0.2,0.3,50.0,-1.5,0.0,0.0
원주 DB,박봉진,2017-2018,인천 전자랜드,2:07,2.12,13.0,7.0,6.0,0.1,0.0,0.0,0.0,0.0,0.2,0.0,0.0,0.2,0.0,0.1,0.3,25.0,0.3,0.3,0.6,0.2,0.0,0.0,0.1,0.0,0.0,0.0,0.5,0.0,0.0,0.0,0.8,0.0,0.0
원주 DB,백승엽,2025-2026,원주 DB,2:07,2.12,2.0,0.0,2.0,0.0,0.0,0.0,0.0,0.0,0.5,0.0,0.0,0.5,0.0,0.0,0.0,0.0,0.0,0.0,0.0,0.0,0.0,0.0,0.0,0.0,0.0,0.0,1.0,0.0,0.0,0.0,-1.5,0.0,0.0
원주 DB,백승엽,2024-2025,원주 DB,8:10,8.17,1.0,0.0,1.0,0.0,0.0,1.0,0.0,0.0,0.0,0.0,0.0,1.0,0.0,0.0,0.0,0.0,0.0,0.0,0.0,0.0,0.0,0.0,0.0,0.0,0.0,1.0,0.0,0.0,1.0,0.0,-9.0,0.0,0.0
원주 DB,이선 알바노,2025-2026,원주 DB,34:37,34.62,54.0,33.0,21.0,17.6,4.0,7.9,50.5,2.3,6.2,36.6,6.3,14.1,44.4,2.8,3.9,73.2,0.7,3.5,4.2,6.7,1.9,0.2,0.1,0.0,0.0,2.7,2.4,3.4,6.0,56.8,1.6,0.1,0.0
원주 DB,이선 알바노,2024-2025,원주 DB,33:27,33.45,54.0,23.0,31.0,16.7,4.6,9.4,48.8,1.9,5.8,31.7,6.4,15.2,42.3,2.0,2.9,69.9,1.0,2.9,4.0,5.8,1.7,0.2,0.0,0.0,0.0,2.5,2.2,3.5,6.3,55.8,0.7,0.1,0.0
원주 DB,이선 알바노,2023-2024,원주 DB,31:47,31.78,54.0,41.0,13.0,15.9,4.4,8.1,54.4,1.7,4.1,40.6,6.1,12.2,49.7,2.1,2.8,74.5,0.7,2.3,3.0,6.6,1.5,0.1,0.1,0.0,0.0,2.0,2.4,3.5,5.8,60.2,8.3,0.1,0.0
원주 DB,이선 알바노,2022-2023,원주 DB,30:30,30.5,53.0,22.0,31.0,13.3,3.6,8.0,45.3,1.5,4.2,34.4,5.1,12.2,41.5,1.7,2.1,81.4,0.7,2.8,3.5,5.1,1.4,0.1,0.2,0.0,0.0,1.7,2.5,2.4,4.4,53.6,-1.8,0.1,0.0
원주 DB,이용우,2025-2026,원주 DB,16:14,16.23,49.0,32.0,17.0,4.1,0.4,0.9,46.5,1.0,3.2,30.3,1.4,4.0,33.8,0.4,0.5,91.7,0.6,0.9,1.6,0.7,0.7,0.0,0.1,0.0,0.0,0.3,1.4,0.3,0.6,58.6,2.6,0.0,0.0
원주 DB,이용우,2024-2025,원주 DB,13:00,13.0,33.0,15.0,18.0,3.0,0.4,0.7,63.6,0.7,2.4,28.8,1.1,3.1,36.3,0.1,0.2,50.0,0.4,0.6,1.0,0.7,0.3,0.0,0.0,0.0,0.0,0.3,1.1,0.3,0.5,64.7,-0.2,0.0,0.0
원주 DB,이용우,2023-2024,원주 DB,8:46,8.77,18.0,14.0,4.0,3.3,0.6,0.8,66.7,0.7,2.1,32.4,1.2,2.9,42.3,0.2,0.3,60.0,0.6,0.4,0.9,0.4,0.2,0.0,0.1,0.0,0.0,0.5,0.9,0.4,0.6,72.7,0.9,0.0,0.0
원주 DB,이용우,2021-2022,원주 DB,13:40,13.67,18.0,7.0,11.0,4.2,0.8,2.1,37.8,0.8,2.2,38.5,1.6,4.2,38.2,0.1,0.3,40.0,0.5,0.7,1.2,0.5,0.6,0.0,0.0,0.0,0.0,0.6,1.0,0.6,1.2,47.6,-1.0,0.0,0.0
원주 DB,이용우,2020-2021,원주 DB,11:52,11.87,24.0,12.0,12.0,3.6,0.8,1.8,43.2,0.6,1.9,33.3,1.4,3.7,38.2,0.1,0.2,75.0,0.5,1.0,1.5,1.0,0.8,0.1,0.0,0.0,0.0,0.9,0.5,0.6,1.0,58.3,-1.1,0.0,0.0
원주 DB,이유진,2025-2026,원주 DB,13:47,13.78,26.0,17.0,9.0,3.7,0.8,1.8,43.8,0.6,2.2,28.1,1.4,4.0,35.2,0.3,0.3,87.5,0.6,1.7,2.3,0.5,0.3,0.1,0.0,0.0,0.0,0.5,1.5,0.7,1.3,54.5,-1.2,0.0,0.0
원주 DB,이윤기,2025-2026,수원 KT,9:53,9.88,20.0,9.0,11.0,1.9,0.1,0.6,18.2,0.5,1.7,30.3,0.6,2.2,27.3,0.2,0.3,60.0,0.2,0.5,0.7,0.2,0.2,0.2,0.2,0.0,0.0,0.3,1.1,0.1,0.3,40.0,-3.2,0.0,0.0
원주 DB,이윤기,2024-2025,수원 KT,3:16,3.27,8.0,6.0,2.0,0.4,0.0,0.3,0.0,0.1,0.5,25.0,0.1,0.8,16.7,0.0,0.0,0.0,0.1,0.3,0.4,0.0,0.0,0.0,0.0,0.0,0.0,0.0,0.4,0.0,0.0,0.0,-2.5,0.0,0.0
원주 DB,이윤기,2023-2024,수원 KT,6:25,6.42,14.0,9.0,5.0,1.6,0.1,0.4,40.0,0.4,1.4,31.6,0.6,1.7,33.3,0.0,0.0,0.0,0.1,0.3,0.4,0.1,0.2,0.0,0.1,0.0,0.0,0.2,0.9,0.1,0.1,50.0,-1.3,0.0,0.0
원주 DB,이윤기,2021-2022,대구 한국가스공사,7:23,7.38,20.0,7.0,13.0,0.9,0.1,0.4,25.0,0.2,0.8,26.7,0.3,1.2,26.1,0.1,0.2,50.0,0.2,0.4,0.6,0.3,0.1,0.1,0.1,0.0,0.0,0.3,1.5,0.1,0.3,33.3,-0.4,0.0,0.0
원주 DB,이윤기,2020-2021,인천 전자랜드,15:10,15.17,33.0,17.0,16.0,3.6,0.6,1.3,45.2,0.7,1.8,36.1,1.2,3.1,39.8,0.5,0.6,80.0,0.4,0.8,1.2,0.8,0.6,0.2,0.1,0.0,0.0,0.7,1.5,0.5,0.8,61.5,0.1,0.0,0.0
원주 DB,이윤수,2025-2026,원주 DB,1:47,1.78,1.0,0.0,1.0,0.0,0.0,1.0,0.0,0.0,0.0,0.0,0.0,1.0,0.0,0.0,0.0,0.0,0.0,0.0,0.0,0.0,0.0,0.0,0.0,0.0,0.0,0.0,0.0,0.0,0.0,0.0,-2.0,0.0,0.0
원주 DB,이윤수,2024-2025,원주 DB,13:58,13.97,1.0,0.0,1.0,0.0,0.0,1.0,0.0,0.0,0.0,0.0,0.0,1.0,0.0,0.0,0.0,0.0,3.0,2.0,5.0,0.0,0.0,0.0,0.0,0.0,0.0,1.0,1.0,0.0,1.0,0.0,-12.0,0.0,0.0
원주 DB,이윤수,2023-2024,원주 DB,2:55,2.92,4.0,2.0,2.0,0.5,0.3,0.8,33.3,0.0,0.0,0.0,0.3,0.8,33.3,0.0,0.5,0.0,0.8,0.5,1.3,0.0,0.0,0.0,0.0,0.0,0.0,0.3,1.0,0.3,0.8,33.3,-4.0,0.0,0.0
원주 DB,이윤수,2022-2023,원주 DB,2:56,2.93,3.0,0.0,3.0,0.7,0.3,0.7,50.0,0.0,0.0,0.0,0.3,0.7,50.0,0.0,0.0,0.0,0.7,0.3,1.0,0.3,0.0,0.0,0.0,0.0,0.0,0.3,1.7,0.3,0.7,50.0,-0.7,0.0,0.0
원주 DB,이윤수,2020-2021,원주 DB,10:15,10.25,4.0,3.0,1.0,2.5,1.0,3.0,33.3,0.0,0.3,0.0,1.0,3.3,30.8,0.5,1.0,50.0,2.8,0.8,3.5,0.3,0.3,0.0,0.0,0.0,0.0,0.8,1.8,0.5,1.8,28.6,-6.0,0.0,0.0
원주 DB,이윤수,2019-2020,원주 DB,4:32,4.53,8.0,6.0,2.0,0.9,0.3,0.8,33.3,0.0,0.0,0.0,0.3,0.8,33.3,0.4,0.8,50.0,0.4,0.5,0.9,0.4,0.1,0.1,0.0,0.0,0.0,0.0,0.9,0.1,0.4,33.3,-0.9,0.0,0.0
원주 DB,이정현,2025-2026,원주 DB,12:24,12.4,54.0,33.0,21.0,2.8,0.4,0.9,41.2,0.6,1.9,29.1,0.9,2.9,33.1,0.3,0.6,58.1,0.1,1.3,1.4,1.4,0.5,0.1,0.0,0.0,0.0,0.9,1.1,0.3,0.6,50.0,-2.0,0.0,0.0
원주 DB,이정현,2024-2025,서울 삼성,29:55,29.92,54.0,16.0,38.0,10.4,2.2,4.9,44.7,1.4,5.3,27.2,3.6,10.2,35.6,1.7,2.0,83.5,0.6,3.0,3.7,5.5,1.1,0.1,0.0,0.0,0.0,2.9,2.6,1.7,3.4,50.3,-2.4,0.0,0.0
원주 DB,이정현,2023-2024,서울 삼성,25:36,25.6,54.0,14.0,40.0,10.9,2.0,4.4,44.2,1.6,5.3,29.3,3.5,9.8,36.1,2.3,2.9,79.0,0.3,3.1,3.3,5.0,0.6,0.1,0.0,0.0,0.0,2.0,2.2,1.5,3.2,47.7,-3.3,0.0,0.0
원주 DB,이정현,2022-2023,서울 삼성,25:52,25.87,54.0,14.0,40.0,11.7,1.9,5.1,37.3,1.6,5.8,27.6,3.5,10.9,32.1,3.1,3.8,81.6,0.5,2.3,2.8,3.9,0.6,0.1,0.1,0.0,0.0,2.2,2.4,1.6,3.7,42.4,-1.1,0.0,0.0
원주 DB,이정현,2021-2022,전주 KCC,26:32,26.53,54.0,21.0,33.0,13.1,3.0,5.6,52.8,1.4,5.0,28.9,4.4,10.6,41.5,2.9,3.5,82.0,0.5,2.5,3.0,3.3,0.7,0.2,0.0,0.0,0.0,2.0,2.2,2.4,4.2,56.4,-1.3,0.0,0.0
원주 DB,이정현,2020-2021,전주 KCC,25:55,25.92,54.0,36.0,18.0,11.6,1.7,4.2,41.2,1.9,5.5,34.8,3.6,9.7,37.5,2.3,2.9,81.8,0.3,2.1,2.4,3.4,1.1,0.2,0.1,0.0,0.0,1.9,1.9,1.5,3.4,44.3,3.7,0.0,0.0
원주 DB,이정현,2019-2020,전주 KCC,28:50,28.83,42.0,23.0,19.0,13.7,2.5,5.4,46.1,2.0,6.2,31.7,4.5,11.6,38.4,2.9,3.5,82.9,0.4,2.4,2.8,4.5,1.1,0.1,0.0,0.0,0.0,2.8,2.0,2.2,4.4,49.5,1.9,0.0,0.0
원주 DB,이정현,2018-2019,전주 KCC,33:02,33.03,51.0,28.0,23.0,17.2,3.5,6.8,51.1,2.0,6.0,33.1,5.5,12.9,42.7,4.2,5.4,78.3,0.5,2.5,3.1,4.4,1.3,0.1,0.0,0.0,0.0,2.7,2.6,3.3,6.1,53.4,2.6,0.0,0.0
원주 DB,이정현,2017-2018,전주 KCC,32:34,32.57,51.0,32.0,19.0,13.9,2.3,5.0,44.9,2.0,6.0,33.3,4.3,11.0,38.6,3.4,4.5,75.2,0.4,2.5,2.9,4.0,1.4,0.2,0.1,0.0,0.0,2.2,2.6,1.9,3.7,52.1,2.7,0.0,0.0
원주 DB,이정현,2016-2017,안양 KGC,33:03,33.05,54.0,39.0,15.0,15.3,3.1,5.9,52.0,2.2,6.8,32.5,5.3,12.8,41.6,2.4,3.3,72.8,0.5,2.5,3.0,5.0,1.8,0.1,0.1,0.0,0.0,3.1,2.5,2.5,4.4,57.0,5.7,0.0,0.0
원주 DB,이정현,2015-2016,안양 KGC,30:23,30.38,46.0,27.0,19.0,13.6,2.7,5.0,53.5,2.0,5.7,35.4,4.7,10.6,43.9,2.3,3.0,76.8,0.7,2.1,2.8,3.2,1.6,0.2,0.0,0.0,0.0,2.3,2.6,2.0,3.2,64.1,1.3,0.0,0.0
원주 DB,이정현,2014-2015,안양 KGC,28:40,28.67,14.0,8.0,6.0,11.2,2.2,4.9,44.9,1.4,5.1,26.8,3.6,10.0,35.7,2.7,3.1,86.4,0.9,2.4,3.2,4.2,0.9,0.4,0.1,0.0,0.0,2.1,2.2,1.4,2.6,51.4,0.8,0.0,0.0
원주 DB,이정현,2012-2013,안양 KGC,31:27,31.45,54.0,30.0,24.0,11.7,2.7,5.6,48.0,1.6,5.1,30.7,4.3,10.7,39.7,1.6,2.0,78.9,0.5,3.1,3.6,3.1,1.5,0.2,0.1,0.0,0.0,2.1,2.6,1.7,3.5,49.7,1.5,0.0,0.0
원주 DB,이정현,2011-2012,안양 KGC,24:31,24.52,54.0,36.0,18.0,9.5,2.4,4.6,53.3,1.0,3.0,32.5,3.4,7.6,45.0,1.7,2.0,83.3,0.6,2.1,2.7,2.1,1.1,0.2,0.0,0.0,0.0,1.5,2.9,1.8,3.0,60.5,4.8,0.0,0.0
원주 DB,이정현,2010-2011,안양 한국인삼공사,30:38,30.63,54.0,16.0,38.0,13.0,3.0,6.7,45.3,1.5,3.9,39.3,4.6,10.6,43.1,2.4,2.8,84.1,0.8,1.9,2.7,2.8,1.3,0.1,0.1,0.0,0.0,1.9,3.3,2.1,4.0,52.5,-3.5,0.0,0.0
원주 DB,이준희,2023-2024,원주 DB,4:14,4.23,3.0,2.0,1.0,1.0,0.3,2.3,14.3,0.0,0.7,0.0,0.3,3.0,11.1,0.3,0.7,50.0,0.3,0.0,0.3,0.7,0.0,0.0,0.0,0.0,0.0,0.3,0.3,0.0,2.0,0.0,-5.0,0.0,0.0
원주 DB,이준희,2022-2023,원주 DB,11:25,11.42,26.0,11.0,15.0,3.4,0.8,2.0,43.1,0.4,1.7,22.2,1.2,3.7,33.3,0.6,1.0,57.7,0.3,0.7,1.0,1.3,0.3,0.1,0.0,0.0,0.0,0.8,1.9,0.8,1.7,44.4,-2.2,0.0,0.0
원주 DB,이준희,2021-2022,원주 DB,16:50,16.83,39.0,16.0,23.0,5.4,2.0,3.5,56.6,0.4,1.6,24.6,2.4,5.1,46.7,0.3,0.6,52.2,0.7,0.9,1.7,1.8,0.7,0.1,0.1,0.0,0.0,0.7,1.7,1.9,3.3,57.8,0.0,0.0,0.0
원주 DB,이준희,2020-2021,원주 DB,12:00,12.0,22.0,11.0,11.0,4.5,1.4,3.1,44.9,0.5,1.6,30.6,1.9,4.8,40.0,0.2,0.4,50.0,0.5,1.0,1.5,1.2,0.3,0.0,0.0,0.0,0.0,1.1,1.2,1.1,2.5,42.9,-0.9,0.0,0.0
원주 DB,인승찬,2025-2026,원주 DB,4:52,4.87,3.0,2.0,1.0,1.0,0.0,0.0,0.0,0.3,1.0,33.3,0.3,1.0,33.3,0.0,0.0,0.0,0.0,0.0,0.0,0.0,0.0,0.0,0.0,0.0,0.0,0.0,1.0,0.0,0.0,0.0,-6.3,0.0,0.0
원주 DB,인승찬,2023-2024,원주 DB,6:42,6.7,2.0,1.0,1.0,0.0,0.0,0.5,0.0,0.0,0.0,0.0,0.0,0.5,0.0,0.0,0.0,0.0,0.0,0.0,0.0,0.0,0.0,0.0,0.0,0.0,0.0,0.0,1.0,0.0,0.5,0.0,-8.0,0.0,0.0
원주 DB,인승찬,2022-2023,원주 DB,8:17,8.28,8.0,2.0,6.0,3.1,1.1,1.9,60.0,0.3,0.6,40.0,1.4,2.5,55.0,0.1,0.4,33.3,0.4,0.6,1.0,0.8,0.4,0.0,0.1,0.0,0.0,0.5,2.0,1.1,1.5,75.0,-4.2,0.0,0.0
원주 DB,정호영,2025-2026,원주 DB,7:39,7.65,43.0,25.0,18.0,2.3,0.7,1.4,49.2,0.2,0.8,26.5,0.9,2.2,40.9,0.3,0.4,68.4,0.2,0.5,0.7,0.7,0.3,0.1,0.0,0.0,0.0,0.6,0.8,0.5,0.8,57.1,-1.8,0.0,0.0
원주 DB,정호영,2024-2025,원주 DB,11:39,11.65,7.0,3.0,4.0,6.1,2.0,3.4,58.3,0.4,1.9,23.1,2.4,5.3,45.9,0.9,1.3,66.7,1.0,0.9,1.9,0.4,0.6,0.0,0.0,0.0,0.0,1.0,1.9,1.9,2.7,68.4,-3.6,0.0,0.0
원주 DB,정호영,2022-2023,원주 DB,14:16,14.27,34.0,14.0,20.0,4.4,1.5,3.1,49.0,0.3,1.5,21.2,1.8,4.6,39.7,0.4,0.7,65.2,0.5,0.7,1.2,1.6,0.5,0.1,0.1,0.1,0.1,0.9,1.5,1.2,2.0,61.2,-1.2,0.0,0.0
원주 DB,정호영,2021-2022,원주 DB,17:39,17.65,41.0,17.0,24.0,6.0,1.6,3.3,50.0,0.7,2.6,27.4,2.3,5.9,40.0,0.6,0.7,89.7,0.4,1.4,1.9,2.0,0.5,0.3,0.1,0.0,0.0,1.3,1.8,1.3,2.3,55.2,1.0,0.0,0.0
원주 DB,정효근,2025-2026,원주 DB,25:50,25.83,38.0,24.0,14.0,9.5,2.4,4.5,54.4,1.1,3.2,32.5,3.5,7.7,45.2,1.4,2.3,61.8,1.8,3.7,5.5,2.2,0.6,0.9,0.1,0.0,0.0,1.2,2.6,2.2,3.8,58.3,1.8,0.0,0.0
원주 DB,정효근,2024-2025,원주 DB,23:44,23.73,23.0,8.0,15.0,9.1,2.7,4.6,58.1,1.0,3.3,31.2,3.7,7.9,46.7,0.7,1.4,45.5,2.1,3.2,5.3,1.4,0.4,0.8,0.0,0.0,0.0,1.3,2.7,2.4,3.9,62.9,-2.7,0.1,0.0
원주 DB,정효근,2024-2025,안양 정관장,25:14,25.23,29.0,8.0,21.0,8.4,2.3,4.7,50.4,0.8,2.8,26.8,3.1,7.5,41.5,1.4,2.2,65.1,1.1,3.8,5.0,1.9,0.7,0.6,0.0,0.1,0.1,1.4,2.6,2.1,3.8,55.0,-4.4,0.0,0.0
원주 DB,정효근,2023-2024,안양 정관장,23:16,23.27,49.0,15.0,34.0,8.7,2.0,4.4,46.7,1.0,3.4,29.6,3.1,7.8,39.2,1.6,2.3,69.6,1.0,3.1,4.2,1.7,0.7,0.3,0.1,0.0,0.0,0.9,2.4,1.7,3.1,54.2,-4.6,0.0,0.0
원주 DB,정효근,2022-2023,대구 한국가스공사,23:51,23.85,41.0,13.0,28.0,10.2,2.1,4.4,48.3,1.4,3.9,35.2,3.5,8.3,42.2,1.9,2.7,68.5,0.9,2.7,3.6,1.4,0.7,0.3,0.0,0.0,0.0,1.3,2.3,1.6,3.1,49.6,-2.5,0.0,0.0
원주 DB,정효근,2020-2021,인천 전자랜드,25:02,25.03,18.0,9.0,9.0,11.0,3.6,6.8,52.5,0.9,3.5,25.4,4.4,10.3,43.2,1.2,2.2,56.4,1.6,3.1,4.6,1.7,0.7,1.0,0.1,0.1,0.1,2.0,2.3,2.9,5.2,55.9,2.2,0.0,0.0
원주 DB,정효근,2018-2019,인천 전자랜드,27:16,27.27,52.0,33.0,19.0,10.6,2.5,5.4,46.2,1.2,3.4,36.0,3.7,8.7,42.3,2.0,2.7,73.9,1.5,3.3,4.8,2.6,0.6,0.7,0.1,0.1,0.1,1.7,2.2,2.3,4.1,54.9,2.2,0.0,0.0
원주 DB,정효근,2017-2018,인천 전자랜드,27:45,27.75,52.0,28.0,24.0,8.5,2.4,4.7,52.5,0.7,2.5,28.8,3.2,7.2,44.1,1.4,2.4,59.1,1.1,2.9,4.0,2.1,0.7,0.4,0.0,0.1,0.1,1.0,2.7,1.9,3.4,55.3,1.4,0.0,0.0
원주 DB,정효근,2016-2017,인천 전자랜드,25:33,25.55,52.0,26.0,26.0,8.4,2.5,5.0,49.8,0.7,2.2,31.0,3.2,7.3,44.0,1.3,2.3,58.0,1.8,2.8,4.6,1.5,0.7,0.6,0.1,0.1,0.1,1.4,2.7,2.1,3.7,57.6,1.6,0.0,0.0
원주 DB,정효근,2015-2016,인천 전자랜드,22:41,22.68,51.0,17.0,34.0,6.8,2.2,4.2,50.9,0.4,1.3,28.4,2.5,5.5,45.6,1.4,2.3,59.5,1.9,3.0,4.8,0.8,0.6,0.5,0.0,0.1,0.1,1.0,2.5,2.0,3.6,54.3,-3.0,0.0,0.0
원주 DB,정효근,2014-2015,인천 전자랜드,16:52,16.87,51.0,24.0,27.0,4.8,1.2,2.6,48.1,0.5,1.5,35.4,1.8,4.1,43.3,0.6,1.1,58.9,0.9,1.5,2.3,0.8,0.4,0.7,0.0,0.1,0.1,0.8,2.2,1.2,2.4,51.7,0.0,0.0,0.0
원주 DB,조은후,2025-2026,고양 소노,5:50,5.83,42.0,20.0,22.0,0.8,0.3,0.6,48.0,0.0,0.3,18.2,0.3,0.9,38.9,0.1,0.2,30.0,0.3,0.2,0.5,0.6,0.3,0.0,0.1,0.0,0.0,0.4,1.2,0.3,0.6,50.0,-1.1,0.0,0.0
원주 DB,조은후,2024-2025,고양 소노,6:19,6.32,19.0,6.0,12.0,2.2,0.8,1.1,80.0,0.1,0.5,20.0,0.9,1.6,60.0,0.2,0.5,40.0,0.4,0.4,0.8,0.6,0.3,0.1,0.0,0.0,0.0,0.3,0.8,0.8,0.9,83.3,-0.1,0.0,0.0
원주 DB,조은후,2023-2024,고양 소노,2:37,2.62,8.0,3.0,5.0,0.4,0.0,0.3,0.0,0.1,0.4,33.3,0.1,0.6,20.0,0.0,0.0,0.0,0.0,0.1,0.1,0.3,0.1,0.0,0.0,0.0,0.0,0.3,0.6,0.0,0.3,0.0,-2.1,0.0,0.0
원주 DB,조은후,2023-2024,안양 정관장,2:17,2.28,1.0,0.0,1.0,0.0,0.0,0.0,0.0,0.0,0.0,0.0,0.0,0.0,0.0,0.0,0.0,0.0,0.0,0.0,0.0,1.0,0.0,0.0,0.0,0.0,0.0,0.0,0.0,0.0,0.0,0.0,2.0,0.0,0.0
원주 DB,조은후,2022-2023,안양 KGC,2:58,2.97,2.0,1.0,1.0,0.5,0.0,1.0,0.0,0.0,0.0,0.0,0.0,1.0,0.0,0.5,1.0,50.0,0.0,0.0,0.0,0.0,0.5,0.0,0.0,0.0,0.0,0.0,0.5,0.0,1.0,0.0,-0.5,0.0,0.0
원주 DB,조은후,2021-2022,안양 KGC,8:48,8.8,9.0,5.0,4.0,3.2,0.8,1.7,46.7,0.3,1.0,33.3,1.1,2.7,41.7,0.7,0.9,75.0,0.8,0.2,1.0,1.8,0.4,0.1,0.0,0.0,0.0,0.3,1.0,0.7,1.4,46.2,0.6,0.0,0.0
원주 DB,최성원,2025-2026,원주 DB,16:41,16.68,26.0,13.0,13.0,4.7,0.6,1.1,57.1,1.0,2.2,47.4,1.7,3.3,50.6,0.4,0.5,71.4,0.3,0.7,1.0,1.1,0.4,0.0,0.1,0.0,0.0,0.5,1.3,0.4,0.7,64.7,-3.6,0.0,0.0
원주 DB,최성원,2024-2025,원주 DB,20:52,20.87,18.0,7.0,11.0,5.3,0.7,1.7,43.3,1.2,2.7,42.9,1.9,4.4,43.0,0.3,0.3,100.0,0.7,1.4,2.1,1.3,0.6,0.0,0.1,0.0,0.0,1.1,1.8,0.5,1.3,39.1,-1.2,0.0,0.0
원주 DB,최성원,2024-2025,안양 정관장,19:45,19.75,34.0,12.0,22.0,4.5,0.9,2.3,41.0,0.7,2.8,25.5,1.6,5.1,32.6,0.5,0.6,80.0,0.3,0.7,1.0,1.8,0.6,0.0,0.0,0.0,0.0,0.9,1.4,0.6,1.4,42.6,-6.9,0.0,0.0
원주 DB,최성원,2023-2024,안양 정관장,28:51,28.85,49.0,16.0,33.0,11.5,1.7,3.8,45.2,2.1,5.4,38.8,3.8,9.2,41.4,1.8,2.1,89.1,0.3,1.3,1.6,4.1,0.7,0.0,0.1,0.0,0.0,1.4,1.8,1.2,2.3,49.6,-5.3,0.0,0.0
원주 DB,최성원,2022-2023,서울 SK,26:30,26.5,36.0,26.0,10.0,6.9,0.7,1.4,47.1,1.7,4.4,37.7,2.3,5.8,40.0,0.6,0.7,87.5,0.3,1.4,1.8,1.9,0.8,0.0,0.1,0.0,0.0,0.6,2.6,0.5,0.9,56.3,1.5,0.0,0.0
원주 DB,최성원,2020-2021,서울 SK,23:25,23.42,54.0,24.0,30.0,5.9,0.6,1.5,41.0,1.4,3.5,38.4,2.0,5.1,39.2,0.6,0.7,78.9,0.4,1.2,1.6,2.3,0.7,0.0,0.1,0.0,0.0,1.0,1.6,0.4,0.9,42.0,-2.6,0.0,0.0
원주 DB,최성원,2019-2020,서울 SK,16:10,16.17,42.0,27.0,15.0,4.3,0.5,0.9,57.9,1.0,2.6,38.7,1.5,3.5,43.6,0.2,0.3,69.2,0.3,0.9,1.2,1.0,0.7,0.0,0.1,0.0,0.0,0.5,1.9,0.5,0.7,63.3,0.9,0.0,0.0
원주 DB,최성원,2018-2019,서울 SK,1:19,1.32,1.0,0.0,1.0,0.0,0.0,0.0,0.0,0.0,0.0,0.0,0.0,0.0,0.0,0.0,0.0,0.0,0.0,0.0,0.0,0.0,0.0,0.0,0.0,0.0,0.0,0.0,0.0,0.0,0.0,0.0,3.0,0.0,0.0
원주 DB,최성원,2017-2018,서울 SK,2:20,2.33,6.0,4.0,2.0,0.7,0.2,0.3,50.0,0.0,0.3,0.0,0.2,0.7,25.0,0.3,0.3,100.0,0.0,0.0,0.0,0.2,0.0,0.0,0.0,0.0,0.0,0.0,0.2,0.2,0.3,50.0,-2.3,0.0,0.0
원주 DB,헨리 엘런슨,2025-2026,원주 DB,29:30,29.5,53.0,32.0,21.0,21.8,6.3,11.7,53.5,1.6,5.3,30.7,7.9,17.0,46.5,4.4,5.6,77.9,1.8,7.4,9.2,2.4,0.6,0.7,0.1,0.5,0.6,2.5,1.9,4.8,8.6,55.6,1.9,0.5,0.0
원주 DB,레이션 해먼즈,2025-2026,울산 현대모비스,30:06,30.1,51.0,17.0,34.0,20.8,6.7,12.2,54.8,1.5,4.9,29.8,8.2,17.2,47.6,3.0,4.0,76.2,2.5,6.5,8.9,2.6,1.4,0.7,0.1,0.4,0.4,1.6,3.1,5.5,9.6,57.6,-0.5,0.5,0.0
원주 DB,레이션 해먼즈,2024-2025,수원 KT,28:09,28.15,52.0,32.0,19.0,17.7,5.2,9.3,55.7,1.6,5.4,29.7,6.8,14.7,46.1,2.6,3.5,74.4,2.2,7.4,9.6,1.6,1.1,0.4,0.0,0.2,0.2,1.5,2.8,4.7,7.9,59.9,3.5,0.4,0.0
창원 LG,김선우,2025-2026,창원 LG,3:20,3.33,3.0,2.0,1.0,1.7,0.3,0.3,100.0,0.3,0.7,50.0,0.7,1.0,66.7,0.0,0.0,0.0,0.0,0.0,0.0,0.3,0.0,0.0,0.0,0.0,0.0,1.0,1.0,0.3,0.3,100.0,1.3,0.0,0.0
창원 LG,김종호,2024-2025,창원 LG,3:39,3.65,3.0,1.0,2.0,0.0,0.0,1.0,0.0,0.0,0.7,0.0,0.0,1.7,0.0,0.0,0.0,0.0,0.0,0.0,0.0,0.0,0.0,0.0,0.0,0.0,0.0,0.3,0.7,0.0,0.7,0.0,-6.0,0.0,0.0
창원 LG,김종호,2021-2022,창원 LG,6:09,6.15,4.0,2.0,2.0,2.0,0.0,0.8,0.0,0.5,0.8,66.7,0.5,1.5,33.3,0.5,0.5,100.0,0.3,0.5,0.8,0.0,0.5,0.0,0.0,0.0,0.0,0.3,1.8,0.0,0.8,0.0,1.0,0.0,0.0
창원 LG,김준영,2025-2026,창원 LG,4:25,4.42,2.0,1.0,1.0,0.5,0.0,0.5,0.0,0.0,0.0,0.0,0.0,0.5,0.0,0.5,1.0,50.0,0.5,0.0,0.5,0.5,0.5,0.0,0.0,0.0,0.0,0.5,1.0,0.0,0.0,0.0,-0.5,0.0,0.0
창원 LG,문시윤,2024-2025,고양 소노,4:53,4.88,5.0,0.0,4.0,1.4,0.6,1.0,60.0,0.0,0.6,0.0,0.6,1.6,37.5,0.2,0.2,100.0,0.4,1.0,1.4,0.2,0.0,0.0,0.0,0.0,0.0,0.2,0.2,0.6,1.0,60.0,-1.2,0.0,0.0
창원 LG,문시윤,2021-2022,고양 오리온,3:40,3.67,11.0,4.0,7.0,1.0,0.5,0.8,55.6,0.0,0.2,0.0,0.5,1.0,45.5,0.1,0.4,25.0,0.7,0.2,0.9,0.1,0.0,0.0,0.0,0.1,0.1,0.1,0.4,0.5,0.6,71.4,-1.4,0.0,0.0
창원 LG,박정현,2025-2026,창원 LG,4:54,4.9,26.0,17.0,9.0,1.2,0.4,1.5,25.6,0.1,0.3,25.0,0.5,1.8,25.5,0.2,0.2,80.0,0.3,0.7,1.1,0.2,0.2,0.0,0.0,0.0,0.0,0.5,1.0,0.2,0.7,33.3,-2.0,0.0,0.0
창원 LG,박정현,2024-2025,창원 LG,8:28,8.47,38.0,24.0,14.0,3.6,1.3,2.9,44.1,0.2,0.5,31.6,1.4,3.4,42.3,0.6,0.8,71.0,0.6,1.1,1.7,0.4,0.2,0.1,0.0,0.0,0.0,0.5,1.6,0.9,1.6,54.1,-1.4,0.0,0.0
창원 LG,박정현,2023-2024,창원 LG,5:37,5.62,31.0,21.0,10.0,1.6,0.6,1.5,42.2,0.0,0.2,14.3,0.6,1.7,38.5,0.3,0.4,69.2,0.4,0.9,1.3,0.1,0.1,0.1,0.0,0.0,0.0,0.4,1.1,0.4,0.8,48.0,-2.0,0.0,0.0
창원 LG,박정현,2023-2024,창원 LG,5:37,5.62,31.0,21.0,10.0,1.6,0.6,1.5,42.2,0.0,0.2,14.3,0.6,1.7,38.5,0.3,0.4,69.2,0.4,0.9,1.3,0.1,0.1,0.1,0.0,0.0,0.0,0.4,1.1,0.4,0.8,48.0,-2.0,0.0,0.0
창원 LG,박정현,2021-2022,창원 LG,15:10,15.17,40.0,18.0,22.0,5.2,2.1,4.5,46.4,0.2,0.8,26.7,2.3,5.3,43.6,0.4,0.8,53.3,1.6,1.7,3.3,0.6,0.5,0.2,0.0,0.0,0.0,1.0,2.1,1.3,2.7,49.5,-0.6,0.1,0.0
창원 LG,박정현,2020-2021,창원 LG,14:55,14.92,30.0,9.0,21.0,4.7,2.0,4.6,43.9,0.0,0.5,6.3,2.1,5.2,40.0,0.5,0.9,57.1,1.4,2.2,3.6,0.5,0.3,0.0,0.1,0.0,0.0,0.9,1.9,1.5,2.9,52.3,-1.7,0.0,0.0
창원 LG,박정현,2019-2020,창원 LG,7:54,7.9,20.0,9.0,11.0,2.2,0.8,2.0,37.5,0.1,0.3,40.0,0.9,2.3,37.8,0.4,0.7,50.0,0.9,1.1,2.0,0.4,0.1,0.1,0.0,0.0,0.0,0.6,1.1,0.5,1.1,45.5,0.5,0.0,0.0
창원 LG,아셈 마레이,2025-2026,창원 LG,29:23,29.38,52.0,35.0,17.0,16.4,6.7,12.8,52.5,0.1,0.2,50.0,6.8,12.9,52.5,2.7,4.9,55.7,5.0,9.2,14.2,5.4,2.1,0.4,0.2,0.3,0.3,2.9,3.1,6.2,11.3,54.4,7.5,0.8,0.1
창원 LG,아셈 마레이,2024-2025,창원 LG,26:58,26.97,39.0,27.0,12.0,16.1,6.5,11.4,57.2,0.0,0.1,50.0,6.5,11.4,57.2,2.9,5.3,55.3,4.7,8.4,13.1,4.5,1.8,0.4,0.2,0.3,0.3,2.2,2.6,6.3,10.9,58.0,6.4,0.8,0.0
창원 LG,아셈 마레이,2023-2024,창원 LG,28:41,28.68,40.0,28.0,12.0,15.9,6.5,11.2,57.6,0.0,0.1,50.0,6.5,11.3,57.6,3.0,5.2,56.5,5.8,8.6,14.4,3.4,1.6,0.6,0.1,0.3,0.3,1.9,2.5,6.5,11.0,58.8,9.2,0.8,0.0
창원 LG,아셈 마레이,2022-2023,창원 LG,24:49,24.82,54.0,36.0,18.0,15.0,6.1,10.5,58.1,0.0,0.0,0.0,6.1,10.5,58.0,2.8,5.4,52.4,4.3,8.2,12.5,2.0,1.8,0.4,0.1,0.5,0.5,2.0,2.4,6.0,10.1,59.4,4.0,0.6,0.0
창원 LG,아셈 마레이,2021-2022,창원 LG,30:54,30.9,53.0,23.0,30.0,16.4,6.6,12.8,51.6,0.1,0.3,21.4,6.7,13.1,51.0,3.0,5.8,52.5,5.9,7.6,13.5,3.2,1.8,0.7,0.2,0.4,0.4,2.1,2.8,6.2,11.2,54.7,1.9,0.8,0.0
창원 LG,양준석,2025-2026,창원 LG,29:05,29.08,49.0,33.0,16.0,9.7,2.4,4.9,50.4,1.3,3.7,35.0,3.8,8.6,43.7,0.9,1.1,81.5,0.7,2.0,2.6,6.0,0.8,0.0,0.0,0.0,0.0,1.3,2.3,1.7,2.8,61.5,6.4,0.1,0.0
창원 LG,양준석,2024-2025,창원 LG,28:53,28.88,54.0,34.0,20.0,9.6,2.8,5.4,51.0,1.1,3.3,34.1,3.9,8.7,44.6,0.7,0.9,74.5,0.8,1.6,2.4,5.5,0.7,0.1,0.2,0.0,0.0,1.6,2.9,1.8,3.1,59.0,2.8,0.0,0.0
창원 LG,양준석,2023-2024,창원 LG,14:15,14.25,53.0,35.0,18.0,3.9,1.3,2.6,47.9,0.3,1.2,27.7,1.6,3.9,41.5,0.3,0.5,75.0,0.2,1.2,1.5,2.2,0.4,0.0,0.1,0.0,0.0,0.8,1.6,0.8,1.6,54.2,-0.3,0.0,0.0
창원 LG,양준석,2022-2023,창원 LG,9:00,9.0,18.0,12.0,6.0,2.6,0.8,1.7,50.0,0.2,1.1,15.0,1.0,2.8,36.0,0.4,0.6,80.0,0.1,0.5,0.6,0.9,0.4,0.0,0.1,0.0,0.0,0.6,0.7,0.6,0.9,58.8,0.1,0.0,0.0
창원 LG,양홍석,2025-2026,창원 LG,21:08,21.13,30.0,18.0,12.0,7.8,1.9,3.7,50.9,0.9,4.2,21.4,2.8,7.9,35.3,1.3,2.0,67.8,1.3,3.0,4.3,1.9,0.4,0.3,0.1,0.0,0.0,1.6,1.3,1.8,3.1,58.1,0.2,0.0,0.0
창원 LG,양홍석,2023-2024,창원 LG,27:36,27.6,54.0,36.0,18.0,12.9,3.4,6.2,54.4,1.6,4.8,34.2,5.0,10.9,45.6,1.3,1.9,70.6,1.9,3.4,5.3,3.0,0.7,0.2,0.1,0.0,0.0,1.4,2.4,3.0,5.1,58.4,4.7,0.0,0.0
창원 LG,양홍석,2022-2023,수원 KT,32:09,32.15,53.0,21.0,32.0,12.6,3.2,6.2,52.0,1.5,5.1,29.9,4.8,11.4,42.0,1.5,1.8,84.5,1.5,4.4,5.9,2.8,0.9,0.2,0.0,0.0,0.0,1.7,1.7,2.5,4.4,55.7,-0.8,0.2,0.0
창원 LG,양홍석,2021-2022,수원 KT,29:26,29.43,52.0,35.0,17.0,12.6,3.0,5.3,55.4,1.8,4.7,39.5,4.8,10.0,48.0,1.2,1.6,71.4,1.7,4.5,6.2,2.9,0.9,0.2,0.0,0.0,0.0,1.8,1.5,2.7,4.5,59.7,5.0,0.1,0.0
창원 LG,양홍석,2020-2021,부산 KT,31:03,31.05,54.0,26.0,28.0,14.5,4.0,7.2,55.4,1.5,3.9,39.5,5.5,11.1,49.8,1.9,2.4,77.1,2.0,4.6,6.7,1.8,0.8,0.4,0.1,0.0,0.0,1.4,1.8,3.5,5.9,59.9,0.0,0.3,0.0
창원 LG,양홍석,2019-2020,부산 KT,29:09,29.15,43.0,21.0,22.0,12.1,3.3,6.3,53.3,1.1,4.0,28.3,4.5,10.3,43.6,2.0,2.6,77.7,1.8,4.0,5.7,1.8,0.5,0.5,0.1,0.0,0.0,1.3,1.9,3.1,5.6,55.0,-2.4,0.0,0.0
창원 LG,양홍석,2018-2019,부산 KT,30:53,30.88,52.0,26.0,26.0,13.0,3.8,6.3,59.4,1.3,4.0,31.0,5.0,10.4,48.3,1.7,2.4,69.0,2.5,4.1,6.7,1.5,1.0,0.6,0.1,0.0,0.0,1.3,2.4,3.5,5.7,61.4,-1.5,0.2,0.0
창원 LG,양홍석,2017-2018,부산 KT,20:00,20.0,44.0,9.0,35.0,7.6,2.2,3.7,59.0,0.7,2.4,30.8,2.9,6.0,47.9,1.1,1.6,66.2,1.1,2.8,4.0,1.2,0.4,0.3,0.1,0.0,0.0,0.7,1.8,2.0,2.9,67.7,-3.4,0.0,0.0
창원 LG,유기상,2025-2026,창원 LG,30:11,30.18,50.0,32.0,18.0,12.4,1.4,3.0,47.3,2.6,6.8,38.6,4.1,9.8,41.3,1.6,1.8,87.0,0.5,1.5,2.1,1.1,0.7,0.3,0.3,0.0,0.0,0.8,2.0,0.9,1.5,59.2,3.8,0.0,0.0
창원 LG,유기상,2024-2025,창원 LG,30:18,30.3,42.0,26.0,16.0,11.0,1.4,3.2,44.1,2.4,6.6,36.6,3.8,9.8,39.1,1.0,1.3,77.4,0.6,2.0,2.6,1.5,0.7,0.4,0.2,0.0,0.0,1.1,2.1,0.7,1.5,47.5,4.4,0.0,0.0
창원 LG,유기상,2023-2024,창원 LG,23:34,23.57,52.0,35.0,17.0,8.1,0.8,2.0,40.8,1.8,4.3,42.4,2.6,6.3,41.9,1.0,1.3,74.6,0.8,1.4,2.2,0.5,0.9,0.5,0.1,0.0,0.0,0.5,2.1,0.5,1.2,43.3,7.1,0.0,0.0
창원 LG,윤원상,2025-2026,창원 LG,12:47,12.78,38.0,24.0,14.0,4.9,0.7,1.6,43.3,1.1,2.7,38.8,1.7,4.3,40.5,0.4,0.6,62.5,0.4,0.9,1.3,1.2,0.3,0.0,0.3,0.0,0.0,0.8,1.3,0.4,1.0,44.7,1.6,0.0,0.0
창원 LG,윤원상,2023-2024,창원 LG,10:29,10.48,18.0,12.0,6.0,2.6,0.6,1.0,55.6,0.3,2.0,16.7,0.9,3.0,29.6,0.4,0.6,80.0,0.3,1.1,1.4,0.4,0.2,0.0,0.1,0.0,0.0,0.2,0.7,0.3,0.6,45.5,2.2,0.0,0.0
창원 LG,윤원상,2022-2023,창원 LG,25:09,25.15,54.0,36.0,18.0,6.4,0.9,2.2,41.7,1.3,3.7,34.8,2.2,5.9,37.4,0.7,0.9,83.0,0.4,0.9,1.4,1.0,0.4,0.0,0.2,0.0,0.0,0.5,2.4,0.6,1.1,48.4,2.1,0.0,0.0
창원 LG,윤원상,2021-2022,창원 LG,5:55,5.92,20.0,8.0,12.0,2.4,0.4,0.7,57.1,0.5,1.8,27.8,0.9,2.5,36.0,0.1,0.2,50.0,0.4,0.3,0.7,0.4,0.3,0.0,0.0,0.0,0.0,0.1,0.9,0.3,0.4,62.5,-0.2,0.0,0.0
창원 LG,윤원상,2020-2021,창원 LG,15:07,15.12,23.0,7.0,16.0,4.9,0.9,2.1,41.7,0.8,2.2,35.3,1.7,4.3,38.4,0.8,0.8,94.7,0.4,0.6,1.0,1.1,0.5,0.0,0.0,0.0,0.0,1.0,1.3,0.6,1.4,40.6,-1.5,0.0,0.0
창원 LG,이광진,2022-2023,창원 LG,8:03,8.05,2.0,1.0,1.0,1.0,0.5,0.5,100.0,0.0,1.5,0.0,0.5,2.0,25.0,0.0,0.0,0.0,0.5,2.0,2.5,0.0,0.0,0.0,0.0,0.0,0.0,0.0,0.5,0.5,0.5,100.0,3.5,0.0,0.0
창원 LG,이광진,2021-2022,창원 LG,8:36,8.6,18.0,8.0,10.0,1.8,0.1,0.2,50.0,0.5,1.6,31.0,0.6,1.8,33.3,0.1,0.1,50.0,0.4,0.7,1.1,0.2,0.3,0.2,0.0,0.1,0.1,0.3,1.1,0.1,0.2,66.7,1.3,0.0,0.0
창원 LG,이광진,2020-2021,창원 LG,14:32,14.53,12.0,5.0,7.0,4.8,0.8,1.3,60.0,1.0,3.3,30.8,1.8,4.5,38.9,0.3,0.3,100.0,0.3,0.3,0.7,0.4,0.7,0.1,0.0,0.1,0.1,0.8,1.8,0.8,1.2,64.3,-1.9,0.0,0.0
창원 LG,임정현,2025-2026,창원 LG,3:36,3.6,2.0,2.0,0.0,1.5,0.0,0.0,0.0,0.5,2.5,20.0,0.5,2.5,20.0,0.0,0.0,0.0,0.0,0.0,0.0,0.0,0.0,0.0,0.0,0.0,0.0,0.0,0.5,0.0,0.0,0.0,-3.5,0.0,0.0
창원 LG,장민국,2025-2026,창원 LG,7:44,7.73,27.0,17.0,10.0,1.9,0.1,0.6,17.6,0.5,1.9,25.0,0.6,2.6,23.2,0.2,0.3,55.6,0.3,1.1,1.4,0.2,0.1,0.1,0.1,0.0,0.0,0.2,1.2,0.1,0.3,28.6,1.7,0.0,0.0
창원 LG,장민국,2024-2025,창원 LG,7:52,7.87,38.0,24.0,14.0,2.1,0.2,0.4,43.8,0.6,1.6,34.4,0.7,2.0,36.4,0.1,0.2,50.0,0.3,0.6,0.9,0.2,0.1,0.1,0.2,0.0,0.0,0.1,1.1,0.2,0.2,66.7,0.6,0.0,0.0
창원 LG,장민국,2022-2023,서울 삼성,14:05,14.08,51.0,13.0,38.0,4.3,1.1,2.4,46.7,0.6,2.1,27.6,1.7,4.5,37.9,0.3,0.5,63.0,0.8,1.3,2.2,0.7,0.3,0.1,0.1,0.0,0.0,0.4,2.3,0.8,1.5,53.8,-2.4,0.0,0.0
창원 LG,장민국,2021-2022,서울 삼성,19:38,19.63,28.0,6.0,22.0,6.2,1.0,2.2,44.3,1.3,3.5,38.1,2.3,5.6,40.5,0.3,0.5,60.0,0.5,1.7,2.3,0.6,0.4,0.2,0.1,0.0,0.0,0.7,2.5,0.6,1.3,48.6,-5.0,0.0,0.0
창원 LG,장민국,2020-2021,서울 삼성,17:01,17.02,51.0,23.0,28.0,4.9,0.8,1.7,44.8,1.1,2.9,37.4,1.8,4.6,40.2,0.2,0.3,52.9,0.6,1.4,2.0,0.8,0.5,0.3,0.0,0.0,0.0,0.5,1.6,0.5,0.9,58.7,-2.0,0.0,0.0
창원 LG,장민국,2019-2020,서울 삼성,20:30,20.5,43.0,19.0,24.0,6.3,0.9,2.1,40.2,1.4,3.4,40.7,2.2,5.5,40.5,0.4,0.6,66.7,1.0,2.4,3.4,1.0,0.7,0.7,0.0,0.0,0.0,0.3,2.1,0.6,1.3,43.9,1.6,0.0,0.0
창원 LG,장민국,2018-2019,서울 삼성,11:27,11.45,37.0,7.0,30.0,2.9,0.4,1.2,30.2,0.6,2.5,25.5,1.0,3.7,27.0,0.3,0.5,61.1,0.5,1.1,1.6,0.3,0.3,0.5,0.1,0.0,0.0,0.3,1.9,0.2,0.6,38.1,-2.2,0.0,0.0
창원 LG,장민국,2017-2018,서울 삼성,18:15,18.25,20.0,11.0,9.0,5.3,1.1,2.2,50.0,0.9,3.1,29.5,2.0,5.3,38.1,0.4,0.5,77.8,0.8,1.9,2.7,0.8,0.4,0.3,0.1,0.0,0.0,0.3,2.7,0.8,1.3,57.7,-2.8,0.0,0.0
창원 LG,장민국,2015-2016,서울 삼성,12:25,12.42,47.0,23.0,24.0,3.4,0.3,0.9,34.9,0.7,2.4,30.4,1.0,3.3,31.6,0.6,0.8,69.2,0.4,1.0,1.5,0.2,0.3,0.2,0.1,0.0,0.0,0.4,1.6,0.1,0.5,31.8,-1.1,0.0,0.0
창원 LG,장민국,2014-2015,안양 KGC,10:16,10.27,17.0,4.0,13.0,2.9,0.5,1.2,38.1,0.6,1.4,41.7,1.1,2.6,40.0,0.2,0.7,33.3,0.4,1.1,1.5,0.8,0.1,0.1,0.0,0.0,0.0,0.5,1.9,0.3,0.7,41.7,-2.5,0.0,0.0
창원 LG,장민국,2013-2014,전주 KCC,26:44,26.73,54.0,20.0,34.0,7.8,1.4,3.6,38.3,1.5,4.0,36.4,2.9,7.6,37.3,0.6,0.9,66.7,1.1,2.4,3.5,1.1,0.8,0.4,0.0,0.0,0.0,1.0,2.4,0.8,2.1,38.9,-1.0,0.0,0.0
창원 LG,정인덕,2025-2026,창원 LG,25:28,25.47,54.0,36.0,18.0,5.5,0.9,2.0,42.6,1.1,2.5,44.4,1.9,4.5,43.6,0.5,0.6,74.3,0.8,1.7,2.4,1.0,0.5,0.2,0.1,0.0,0.0,0.6,1.8,0.6,1.0,59.6,4.3,0.0,0.0
창원 LG,정인덕,2024-2025,창원 LG,26:37,26.62,54.0,34.0,20.0,5.9,0.9,2.0,46.8,1.1,3.0,37.4,2.1,5.0,41.2,0.7,0.8,83.7,0.4,2.2,2.6,1.1,0.8,0.2,0.1,0.0,0.0,0.6,2.1,0.6,1.0,60.7,3.3,0.0,0.0
창원 LG,정인덕,2023-2024,창원 LG,9:26,9.43,47.0,31.0,16.0,2.8,0.6,1.1,54.0,0.5,1.1,44.0,1.0,2.1,49.0,0.2,0.3,62.5,0.2,0.7,0.9,0.3,0.3,0.1,0.0,0.0,0.0,0.1,0.9,0.3,0.4,65.0,2.1,0.0,0.0
창원 LG,정인덕,2022-2023,창원 LG,13:09,13.15,38.0,27.0,11.0,2.8,0.7,1.3,54.0,0.4,1.3,29.4,1.1,2.7,41.6,0.2,0.3,61.5,0.6,0.6,1.2,0.6,0.2,0.1,0.0,0.0,0.0,0.3,1.2,0.4,0.6,73.9,0.8,0.0,0.0
창원 LG,정인덕,2021-2022,창원 LG,3:01,3.02,6.0,3.0,3.0,0.3,0.2,0.3,50.0,0.0,0.3,0.0,0.2,0.7,25.0,0.0,0.0,0.0,0.0,0.7,0.7,0.3,0.0,0.0,0.0,0.0,0.0,0.0,0.2,0.2,0.3,50.0,-1.0,0.0,0.0
창원 LG,정인덕,2017-2018,창원 LG,9:06,9.1,9.0,2.0,7.0,1.1,0.2,0.6,40.0,0.2,1.0,22.2,0.4,1.6,28.6,0.0,0.0,0.0,0.4,0.4,0.9,0.2,0.1,0.1,0.3,0.0,0.0,0.3,1.1,0.2,0.6,40.0,-1.6,0.0,0.0
창원 LG,정인덕,2016-2017,창원 LG,5:23,5.38,3.0,1.0,2.0,1.0,0.3,0.7,50.0,0.0,1.0,0.0,0.3,1.7,20.0,0.3,0.7,50.0,0.0,0.3,0.3,0.0,1.0,0.0,0.0,0.0,0.0,0.0,0.7,0.0,0.3,0.0,-2.0,0.0,0.0
창원 LG,최형찬,2025-2026,창원 LG,12:54,12.9,54.0,36.0,18.0,3.1,0.4,0.9,45.7,0.7,1.9,38.5,1.1,2.8,40.7,0.1,0.2,72.7,0.3,1.1,1.4,0.6,0.5,0.1,0.0,0.0,0.0,0.3,2.2,0.3,0.6,54.5,1.5,0.0,0.0
창원 LG,최형찬,2024-2025,창원 LG,9:22,9.37,25.0,16.0,9.0,1.9,0.2,0.8,26.3,0.4,1.4,32.4,0.6,2.1,30.2,0.2,0.2,100.0,0.2,0.5,0.8,0.2,0.3,0.0,0.0,0.0,0.0,0.2,1.9,0.1,0.4,30.0,0.7,0.0,0.0
창원 LG,칼 타마요,2025-2026,창원 LG,29:10,29.17,44.0,30.0,14.0,14.8,4.9,10.5,47.2,1.1,3.8,29.7,6.0,14.2,42.6,1.6,2.8,57.4,1.2,4.6,5.8,2.5,0.7,0.4,0.0,0.1,0.1,2.0,1.9,3.8,7.3,52.0,5.8,0.1,0.0
창원 LG,칼 타마요,2024-2025,창원 LG,26:19,26.32,50.0,33.0,17.0,15.1,5.4,10.3,52.2,1.1,3.4,31.2,6.4,13.7,47.0,1.2,1.7,69.8,1.7,4.1,5.8,2.2,0.8,0.2,0.0,0.1,0.1,1.6,2.6,4.6,7.9,58.8,3.6,0.1,0.0
창원 LG,한상혁,2025-2026,창원 LG,7:30,7.5,42.0,29.0,13.0,1.9,0.3,0.7,48.3,0.2,0.5,47.4,0.5,1.1,47.9,0.5,0.7,79.3,0.3,0.5,0.9,1.0,0.2,0.0,0.0,0.0,0.0,0.4,0.9,0.2,0.5,45.5,-0.4,0.0,0.0
창원 LG,한상혁,2024-2025,창원 LG,6:58,6.97,19.0,13.0,6.0,1.3,0.2,0.9,17.6,0.2,0.7,30.8,0.4,1.6,23.3,0.4,0.4,87.5,0.1,0.3,0.4,1.4,0.2,0.0,0.1,0.0,0.0,0.5,1.1,0.1,0.6,16.7,-1.8,0.0,0.0
창원 LG,한상혁,2023-2024,창원 LG,4:33,4.55,4.0,4.0,0.0,1.5,0.8,0.8,100.0,0.0,0.3,0.0,0.8,1.0,75.0,0.0,0.0,0.0,0.0,0.3,0.3,0.5,0.0,0.0,0.0,0.0,0.0,0.3,0.3,0.8,0.8,100.0,1.3,0.0,0.0
창원 LG,한상혁,2022-2023,창원 LG,8:21,8.35,24.0,15.0,9.0,3.0,1.0,1.6,59.0,0.3,0.6,42.9,1.2,2.2,54.7,0.4,0.6,64.3,0.1,0.3,0.4,1.0,0.4,0.0,0.0,0.0,0.0,0.4,0.9,0.8,1.3,61.3,-2.5,0.0,0.0
창원 LG,한상혁,2021-2022,창원 LG,6:51,6.85,37.0,18.0,19.0,2.1,0.4,0.9,47.1,0.3,0.8,37.9,0.7,1.7,42.9,0.4,0.4,92.9,0.2,0.5,0.7,1.0,0.2,0.0,0.0,0.0,0.0,0.4,0.8,0.3,0.6,57.1,0.3,0.0,0.0
창원 LG,한상혁,2020-2021,창원 LG,13:25,13.42,8.0,3.0,5.0,5.6,1.0,1.8,57.1,0.6,1.1,55.6,1.6,2.9,56.5,1.8,1.8,100.0,0.0,1.0,1.0,2.0,0.3,0.0,0.0,0.0,0.0,1.6,1.4,1.0,1.4,72.7,-2.5,0.0,0.0
창원 LG,한상혁,2019-2020,창원 LG,3:30,3.5,1.0,0.0,1.0,0.0,0.0,1.0,0.0,0.0,0.0,0.0,0.0,1.0,0.0,0.0,0.0,0.0,0.0,0.0,0.0,0.0,0.0,0.0,0.0,0.0,0.0,1.0,0.0,0.0,0.0,0.0,1.0,0.0,0.0
창원 LG,한상혁,2016-2017,창원 LG,8:19,8.32,27.0,11.0,16.0,1.6,0.4,0.9,40.0,0.2,0.5,38.5,0.6,1.4,39.5,0.3,0.5,64.3,0.3,0.6,0.9,1.1,0.4,0.0,0.0,0.0,0.0,0.7,1.0,0.1,0.4,33.3,0.1,0.0,0.0
창원 LG,한상혁,2015-2016,창원 LG,12:35,12.58,35.0,14.0,21.0,2.7,0.9,1.8,51.6,0.2,0.7,32.0,1.1,2.5,46.0,0.2,0.3,63.6,0.5,0.3,0.8,1.2,0.4,0.1,0.0,0.0,0.0,0.7,1.0,0.7,1.0,67.6,-0.9,0.0,0.0
고양 소노,강지훈,2025-2026,고양 소노,20:07,20.12,38.0,22.0,16.0,7.7,2.0,3.3,59.8,1.2,3.6,32.1,3.2,6.9,45.5,0.2,0.3,58.3,0.7,2.5,3.2,0.4,0.3,0.3,0.0,0.2,0.2,0.5,1.3,1.6,2.6,61.6,0.5,0.0,0.0
고양 소노,김진유,2025-2026,고양 소노,11:28,11.47,42.0,22.0,20.0,2.1,0.3,0.6,51.9,0.4,1.6,24.6,0.7,2.3,32.3,0.2,0.3,66.7,1.0,1.0,1.9,0.5,0.8,0.2,0.3,0.0,0.0,0.4,2.2,0.3,0.6,50.0,1.2,0.0,0.0
고양 소노,김진유,2024-2025,고양 소노,11:50,11.83,41.0,16.0,25.0,3.0,1.0,1.4,72.9,0.2,1.1,21.7,1.3,2.6,50.5,0.2,0.2,77.8,1.3,1.4,2.7,0.7,0.7,0.2,0.0,0.0,0.0,0.4,1.8,1.0,1.4,72.9,-1.2,0.0,0.0
고양 소노,김진유,2023-2024,고양 소노,13:50,13.83,33.0,9.0,24.0,2.5,0.8,1.3,62.8,0.2,1.1,19.4,1.0,2.4,43.0,0.2,0.3,77.8,1.9,2.4,4.3,0.9,0.5,0.1,0.3,0.0,0.0,0.4,2.2,0.8,1.3,61.9,-4.2,0.1,0.0
고양 소노,김진유,2022-2023,고양 캐롯,17:52,17.87,41.0,21.0,20.0,2.4,0.3,0.5,63.6,0.5,2.2,21.3,0.8,2.7,29.7,0.3,0.4,75.0,1.6,2.5,4.0,1.1,1.0,0.1,0.3,0.0,0.0,0.3,2.4,0.3,0.5,63.6,1.0,0.0,0.0
고양 소노,김진유,2021-2022,고양 오리온,6:39,6.65,38.0,20.0,18.0,1.2,0.3,0.6,47.6,0.2,0.7,28.0,0.4,1.2,37.0,0.1,0.2,66.7,0.5,0.8,1.2,0.4,0.3,0.0,0.0,0.0,0.0,0.1,1.1,0.2,0.5,45.0,0.3,0.0,0.0
고양 소노,김진유,2020-2021,고양 오리온,9:59,9.98,8.0,2.0,6.0,2.3,0.5,0.8,66.7,0.4,0.9,42.9,0.9,1.6,53.8,0.1,0.3,50.0,1.0,0.3,1.3,1.1,0.4,0.3,0.3,0.0,0.0,0.1,0.8,0.5,0.8,66.7,-0.2,0.0,0.0
고양 소노,김진유,2018-2019,고양 오리온,7:48,7.8,36.0,16.0,20.0,2.0,0.6,1.2,51.2,0.1,0.4,31.3,0.8,1.6,45.8,0.4,0.6,59.1,0.3,0.6,0.9,0.6,0.3,0.1,0.0,0.0,0.0,0.6,1.3,0.6,1.1,53.7,-0.8,0.0,0.0
고양 소노,김진유,2017-2018,고양 오리온,15:57,15.95,43.0,14.0,29.0,3.3,0.9,1.9,47.0,0.4,1.5,29.7,1.3,3.4,39.5,0.2,0.5,33.3,0.3,1.1,1.5,1.7,0.8,0.2,0.2,0.0,0.0,0.9,2.5,0.9,1.8,49.4,-1.2,0.0,0.0
고양 소노,김진유,2016-2017,고양 오리온,8:31,8.52,26.0,17.0,9.0,2.2,0.9,1.4,62.2,0.1,0.9,13.0,1.0,2.3,43.3,0.1,0.2,50.0,0.5,1.0,1.5,0.7,0.3,0.1,0.0,0.0,0.0,0.6,1.4,0.9,1.4,63.9,0.0,0.0,0.0
고양 소노,박종하,2025-2026,고양 소노,2:00,2.0,11.0,4.0,7.0,0.6,0.0,0.1,0.0,0.2,0.9,20.0,0.2,1.0,18.2,0.1,0.2,50.0,0.1,0.2,0.3,0.0,0.1,0.0,0.0,0.0,0.0,0.0,0.2,0.0,0.0,0.0,-0.5,0.0,0.0
고양 소노,박종하,2024-2025,고양 소노,11:23,11.38,28.0,5.0,22.0,3.5,0.8,1.6,45.7,0.5,1.9,26.9,1.3,3.5,35.7,0.5,0.7,70.0,0.1,0.4,0.5,0.8,0.5,0.0,0.0,0.0,0.0,0.8,1.4,0.5,1.1,46.9,-2.3,0.0,0.0
고양 소노,박종하,2023-2024,고양 소노,14:56,14.93,22.0,9.0,13.0,4.8,0.9,1.5,59.4,0.9,3.0,28.8,1.7,4.5,38.8,0.5,0.7,66.7,0.4,0.4,0.8,0.6,0.6,0.0,0.0,0.0,0.0,0.4,1.8,0.8,1.0,81.8,-2.0,0.0,0.0
고양 소노,서동원,2025-2026,고양 소노,0:41,0.68,1.0,0.0,1.0,0.0,0.0,0.0,0.0,0.0,1.0,0.0,0.0,1.0,0.0,0.0,0.0,0.0,0.0,0.0,0.0,0.0,0.0,0.0,0.0,0.0,0.0,0.0,0.0,0.0,0.0,0.0,2.0,0.0,0.0
고양 소노,서동원,2024-2025,고양 소노,5:39,5.65,11.0,3.0,8.0,0.9,0.2,0.6,28.6,0.2,0.7,25.0,0.4,1.4,26.7,0.0,0.0,0.0,0.4,0.3,0.6,0.1,0.0,0.0,0.0,0.0,0.0,0.1,0.8,0.2,0.2,100.0,-2.1,0.0,0.0
고양 소노,소준혁,2025-2026,안양 정관장,8:01,8.02,22.0,14.0,8.0,2.4,0.4,0.6,64.3,0.4,1.4,29.0,0.8,2.0,40.0,0.4,0.4,88.9,0.0,0.6,0.6,0.5,0.3,0.0,0.2,0.0,0.0,0.5,1.2,0.2,0.4,62.5,0.8,0.0,0.0
고양 소노,소준혁,2024-2025,안양 정관장,8:21,8.35,19.0,13.0,6.0,3.1,0.5,0.8,60.0,0.6,1.7,37.5,1.1,2.5,44.7,0.3,0.7,35.7,0.4,0.9,1.4,0.5,0.1,0.2,0.2,0.0,0.0,0.4,1.4,0.4,0.5,70.0,-2.4,0.0,0.0
고양 소노,신지원,2025-2026,고양 소노,1:04,1.07,2.0,1.0,1.0,0.0,0.0,0.0,0.0,0.0,0.0,0.0,0.0,0.0,0.0,0.0,0.0,0.0,0.0,0.0,0.0,0.0,0.0,0.0,0.0,0.0,0.0,0.0,1.5,0.0,0.0,0.0,0.0,0.0,0.0
고양 소노,안정욱,2023-2024,고양 소노,6:41,6.68,27.0,7.0,20.0,1.2,0.1,0.2,50.0,0.3,0.8,36.4,0.4,1.0,39.3,0.1,0.1,100.0,0.1,0.3,0.4,0.1,0.1,0.0,0.0,0.0,0.0,0.1,1.2,0.0,0.1,50.0,-2.4,0.0,0.0
고양 소노,안정욱,2022-2023,고양 캐롯,10:20,10.33,16.0,8.0,8.0,3.0,0.4,0.7,63.6,0.7,2.3,29.7,1.1,3.0,37.5,0.1,0.1,50.0,0.3,0.6,0.8,0.3,0.3,0.1,0.1,0.0,0.0,0.3,1.7,0.3,0.3,100.0,0.9,0.0,0.0
고양 소노,이근준,2025-2026,고양 소노,6:38,6.63,26.0,13.0,13.0,1.4,0.3,0.7,47.1,0.2,1.3,17.6,0.5,2.0,27.5,0.1,0.2,50.0,0.5,0.4,0.9,0.2,0.3,0.1,0.0,0.0,0.0,0.2,0.7,0.3,0.5,58.3,-2.5,0.0,0.0
고양 소노,이근준,2024-2025,고양 소노,19:12,19.2,30.0,11.0,19.0,5.2,0.6,1.3,50.0,1.1,4.1,27.4,1.8,5.4,32.7,0.6,0.9,60.7,1.6,2.4,4.0,0.7,1.1,0.4,0.1,0.0,0.0,0.6,2.9,0.6,1.1,54.5,0.6,0.0,0.0
고양 소노,이동엽,2025-2026,고양 소노,4:06,4.1,11.0,5.0,6.0,0.9,0.4,0.8,44.4,0.0,0.2,0.0,0.4,1.0,36.4,0.2,0.2,100.0,0.1,0.2,0.3,0.3,0.2,0.0,0.0,0.0,0.0,0.2,0.7,0.1,0.4,25.0,1.1,0.0,0.0
고양 소노,이동엽,2025-2026,서울 삼성,1:34,1.57,5.0,3.0,2.0,0.6,0.2,0.4,50.0,0.0,0.0,0.0,0.2,0.4,50.0,0.2,0.4,50.0,0.0,0.0,0.0,0.2,0.0,0.0,0.0,0.0,0.0,0.0,0.2,0.2,0.4,50.0,-0.6,0.0,0.0
고양 소노,이동엽,2024-2025,서울 삼성,8:20,8.33,3.0,0.0,3.0,0.0,0.0,1.0,0.0,0.0,1.0,0.0,0.0,2.0,0.0,0.0,0.0,0.0,0.7,1.3,2.0,1.0,0.0,0.0,0.0,0.0,0.0,1.3,2.0,0.0,0.3,0.0,0.3,0.0,0.0
고양 소노,이동엽,2023-2024,서울 삼성,20:54,20.9,54.0,14.0,40.0,4.5,0.8,2.4,34.4,0.7,2.7,25.2,1.5,5.1,29.5,0.9,1.2,73.0,0.6,1.6,2.1,2.0,0.6,0.1,0.1,0.0,0.0,1.0,2.2,0.5,1.4,38.7,-6.9,0.0,0.0
고양 소노,이동엽,2022-2023,서울 삼성,25:34,25.57,37.0,11.0,26.0,6.0,1.5,4.1,36.0,0.8,2.4,31.1,2.2,6.5,34.2,0.8,1.1,73.2,1.2,1.9,3.1,2.1,0.8,0.1,0.0,0.0,0.0,1.1,1.9,0.9,2.3,41.2,-1.1,0.0,0.0
고양 소노,이동엽,2021-2022,서울 삼성,25:26,25.43,33.0,6.0,27.0,6.5,1.6,4.3,37.1,0.8,2.7,28.9,2.4,7.1,33.9,0.9,1.2,76.3,1.3,2.5,3.8,2.3,1.0,0.0,0.1,0.0,0.0,1.3,2.3,1.2,2.6,47.1,-6.5,0.0,0.0
고양 소노,이동엽,2020-2021,서울 삼성,19:24,19.4,51.0,23.0,28.0,5.0,1.4,2.9,48.0,0.5,1.4,34.7,1.9,4.3,43.6,0.7,1.1,63.2,0.9,1.7,2.6,2.1,1.0,0.1,0.0,0.0,0.0,0.8,2.0,1.2,2.3,50.9,-0.5,0.0,0.0
고양 소노,이동엽,2019-2020,서울 삼성,19:23,19.38,12.0,6.0,6.0,4.8,1.3,3.3,37.5,0.3,1.3,25.0,1.6,4.7,33.9,1.3,2.2,61.5,0.7,1.9,2.6,2.8,0.9,0.1,0.3,0.0,0.0,1.0,2.3,0.8,2.0,37.5,-3.2,0.0,0.0
고양 소노,이동엽,2017-2018,서울 삼성,20:12,20.2,54.0,25.0,29.0,4.5,1.1,2.2,50.4,0.6,2.0,30.3,1.7,4.2,40.8,0.5,0.6,78.8,0.6,1.5,2.1,1.4,0.8,0.1,0.0,0.0,0.0,0.7,2.3,0.8,1.4,56.6,-1.2,0.0,0.0
고양 소노,이동엽,2016-2017,서울 삼성,6:33,6.55,47.0,30.0,17.0,1.3,0.3,0.7,47.1,0.1,0.6,26.9,0.5,1.3,38.3,0.1,0.2,87.5,0.2,0.3,0.5,0.4,0.1,0.0,0.0,0.0,0.0,0.2,0.9,0.3,0.4,61.9,0.4,0.0,0.0
고양 소노,이동엽,2015-2016,서울 삼성,14:02,14.03,39.0,22.0,17.0,2.5,0.7,1.5,47.4,0.2,0.8,25.8,0.9,2.3,39.8,0.5,0.6,72.0,0.7,0.7,1.4,0.8,0.4,0.1,0.2,0.0,0.0,0.7,2.0,0.4,0.8,46.9,0.6,0.0,0.0
고양 소노,이재도,2025-2026,고양 소노,16:42,16.7,36.0,21.0,15.0,5.0,1.4,2.4,59.1,0.6,2.7,20.6,2.0,5.1,38.9,0.4,0.6,76.2,0.6,1.3,1.9,2.4,0.7,0.2,0.0,0.0,0.0,1.0,1.2,1.0,1.5,66.7,0.4,0.0,0.0
고양 소노,이재도,2024-2025,고양 소노,28:48,28.8,54.0,19.0,34.0,12.2,2.5,4.6,53.6,1.8,5.2,35.1,4.3,9.9,43.8,1.8,2.1,82.8,0.7,2.7,3.4,4.0,1.1,0.0,0.1,0.0,0.0,1.9,1.8,1.5,2.3,64.8,-3.1,0.0,0.0
고양 소노,이재도,2023-2024,창원 LG,25:15,25.25,54.0,36.0,18.0,11.0,2.7,5.1,52.2,1.3,3.6,36.8,4.0,8.7,45.9,1.7,2.0,84.4,0.7,2.1,2.8,4.3,0.9,0.1,0.1,0.0,0.0,1.6,1.9,1.6,2.7,58.3,7.5,0.0,0.0
고양 소노,이재도,2022-2023,창원 LG,30:20,30.33,54.0,36.0,18.0,13.4,3.4,6.9,49.5,1.5,4.5,32.2,4.9,11.5,42.6,2.2,2.7,80.7,0.9,2.8,3.7,4.2,1.0,0.1,0.1,0.0,0.0,1.7,1.8,2.1,3.7,56.4,3.9,0.0,0.0
고양 소노,이재도,2021-2022,창원 LG,32:31,32.52,54.0,24.0,30.0,13.4,3.4,6.7,49.7,1.6,5.0,31.2,4.9,11.7,41.9,2.0,2.4,81.1,0.9,2.3,3.2,4.6,1.5,0.0,0.1,0.0,0.0,1.2,1.3,2.0,3.8,51.7,0.0,0.0,0.0
고양 소노,이재도,2020-2021,안양 KGC,31:39,31.65,54.0,30.0,24.0,12.7,3.4,6.2,53.7,1.3,3.7,34.8,4.6,9.9,46.7,2.1,2.6,81.0,0.9,2.5,3.4,5.6,1.7,0.1,0.1,0.0,0.0,1.6,1.9,2.4,4.2,58.0,2.0,0.1,0.0
고양 소노,이재도,2019-2020,안양 KGC,24:59,24.98,12.0,6.0,6.0,7.8,2.2,4.0,54.2,0.6,2.8,21.2,2.8,6.8,40.7,1.7,2.3,74.1,1.5,2.0,3.5,3.1,1.3,0.2,0.2,0.0,0.0,1.0,1.4,1.6,2.7,59.4,-4.0,0.0,0.0
고양 소노,이재도,2017-2018,안양 KGC,26:59,26.98,39.0,22.0,17.0,9.3,2.3,4.4,51.7,1.2,3.5,33.3,3.4,7.9,43.6,1.3,1.7,76.1,1.0,1.7,2.8,4.9,1.1,0.0,0.1,0.0,0.0,1.6,1.9,1.7,3.1,55.5,2.6,0.0,0.0
고양 소노,이재도,2017-2018,부산 KT,27:40,27.67,15.0,2.0,13.0,9.3,2.1,4.1,50.8,1.3,4.2,30.2,3.3,8.3,40.3,1.3,1.9,71.4,0.6,1.9,2.5,4.1,1.1,0.0,0.0,0.0,0.0,1.5,1.9,1.5,2.5,59.5,-2.1,0.0,0.0
고양 소노,이재도,2016-2017,부산 KT,32:59,32.98,54.0,18.0,36.0,11.6,2.7,5.3,50.0,1.5,4.3,34.3,4.1,9.6,43.0,1.8,2.4,76.2,0.8,2.4,3.2,6.1,1.4,0.1,0.1,0.0,0.0,2.4,2.2,1.9,3.4,55.9,-3.1,0.1,0.0
고양 소노,이재도,2015-2016,부산 KT,32:06,32.1,54.0,23.0,31.0,11.5,3.0,6.2,48.5,1.2,3.4,36.5,4.2,9.6,44.3,1.8,2.2,79.3,0.9,2.4,3.3,3.8,1.3,0.1,0.1,0.0,0.0,1.8,1.9,2.1,4.0,52.1,0.3,0.0,0.0
고양 소노,이재도,2014-2015,부산 KT,23:57,23.95,54.0,23.0,31.0,8.5,2.4,5.1,47.1,0.5,1.7,30.4,2.9,6.9,43.0,2.1,2.3,89.5,0.7,2.1,2.8,2.9,1.5,0.1,0.0,0.0,0.0,1.4,1.3,2.0,3.4,57.8,0.2,0.0,0.0
고양 소노,이재도,2013-2014,부산 KT,10:45,10.75,31.0,17.0,14.0,2.1,0.6,1.2,47.4,0.2,0.8,20.0,0.7,2.0,36.5,0.5,0.6,78.9,0.6,0.8,1.4,1.3,0.7,0.0,0.0,0.0,0.0,0.8,0.7,0.5,0.7,68.2,1.3,0.0,0.0
고양 소노,이정현B,2025-2026,고양 소노,33:55,33.92,49.0,27.0,22.0,18.6,3.4,6.9,49.6,2.4,7.7,31.1,5.8,14.6,39.8,4.5,5.2,87.4,0.3,2.2,2.6,5.2,1.4,0.2,0.8,0.0,0.0,2.5,2.4,2.9,5.4,53.6,4.5,0.1,0.0
고양 소노,이정현B,2024-2025,고양 소노,31:13,31.22,32.0,15.0,17.0,16.8,3.4,6.6,51.2,2.4,8.0,30.4,5.8,14.6,39.7,2.7,3.1,88.8,0.3,2.2,2.4,4.3,1.9,0.2,0.5,0.0,0.0,2.2,2.0,2.8,4.9,57.7,2.3,0.0,0.0
고양 소노,이정현B,2023-2024,고양 소노,36:43,36.72,44.0,18.0,26.0,22.8,4.8,8.7,54.7,2.9,7.9,37.2,7.7,16.6,46.4,4.5,5.2,86.0,0.7,2.7,3.4,6.6,2.0,0.1,0.6,0.0,0.0,2.5,2.5,4.1,6.8,60.3,-2.6,0.1,0.0
고양 소노,이정현B,2022-2023,고양 캐롯,34:02,34.03,52.0,28.0,24.0,15.0,2.9,5.7,50.8,2.1,6.2,34.2,5.0,11.9,42.1,2.9,3.5,83.0,0.6,2.0,2.6,4.2,1.7,0.1,0.4,0.0,0.0,1.3,2.6,2.2,4.0,55.0,2.5,0.0,0.0
고양 소노,이정현B,2021-2022,고양 오리온,23:26,23.43,52.0,26.0,26.0,9.7,2.5,5.1,48.7,1.1,3.3,33.5,3.6,8.3,42.7,1.4,1.9,76.5,0.4,1.9,2.3,2.7,1.0,0.2,0.2,0.0,0.0,1.3,2.2,1.8,3.8,48.5,-0.6,0.0,0.0
고양 소노,임동섭,2025-2026,고양 소노,12:50,12.83,48.0,26.0,22.0,5.0,0.7,1.4,50.7,1.0,3.1,32.9,1.7,4.5,38.4,0.5,0.7,69.7,0.7,1.1,1.8,0.7,0.4,0.2,0.0,0.0,0.0,0.3,1.6,0.6,1.0,58.0,1.4,0.0,0.0
고양 소노,임동섭,2024-2025,고양 소노,20:20,20.33,52.0,19.0,32.0,6.6,0.9,1.7,54.7,1.4,4.3,31.9,2.3,6.0,38.1,0.6,1.0,62.3,0.9,2.8,3.7,0.6,0.7,0.1,0.0,0.0,0.0,0.6,2.7,0.8,1.4,58.7,-2.6,0.0,0.0
고양 소노,임동섭,2023-2024,창원 LG,6:00,6.0,18.0,12.0,6.0,2.3,0.2,0.3,80.0,0.5,1.4,34.6,0.7,1.7,41.9,0.3,0.4,85.7,0.3,0.3,0.6,0.1,0.2,0.1,0.1,0.0,0.0,0.2,0.9,0.2,0.2,100.0,1.6,0.0,0.0
고양 소노,임동섭,2022-2023,창원 LG,11:25,11.42,23.0,17.0,6.0,3.1,0.5,1.0,50.0,0.6,1.8,34.1,1.1,2.7,39.7,0.3,0.4,70.0,0.5,1.1,1.7,0.3,0.4,0.0,0.0,0.0,0.0,0.3,1.6,0.4,0.8,55.6,0.4,0.0,0.0
고양 소노,임동섭,2022-2023,서울 삼성,16:07,16.12,29.0,9.0,20.0,4.2,1.0,1.8,54.9,0.6,2.3,26.9,1.6,4.1,39.0,0.4,0.7,61.9,1.1,1.7,2.8,0.5,0.2,0.1,0.0,0.0,0.0,0.5,1.9,0.8,1.4,58.5,-3.7,0.0,0.0
고양 소노,임동섭,2021-2022,서울 삼성,24:49,24.82,43.0,8.0,35.0,7.4,1.2,3.3,36.4,1.6,5.0,30.9,2.8,8.4,33.1,0.3,0.5,66.7,1.0,2.5,3.5,0.9,0.4,0.1,0.1,0.0,0.0,0.6,2.5,0.9,1.8,46.8,-6.2,0.0,0.0
고양 소노,임동섭,2020-2021,서울 삼성,18:50,18.83,54.0,24.0,30.0,6.0,0.9,2.1,45.1,1.1,3.6,32.0,2.1,5.7,36.8,0.7,1.0,70.4,0.9,1.6,2.5,0.9,0.5,0.1,0.1,0.0,0.0,0.9,1.6,0.8,1.5,53.0,-1.3,0.0,0.0
고양 소노,임동섭,2019-2020,서울 삼성,16:40,16.67,18.0,7.0,11.0,5.3,0.9,1.6,55.2,0.9,2.8,31.4,1.8,4.4,40.0,0.9,1.6,55.2,0.8,1.4,2.2,1.3,0.6,0.0,0.0,0.0,0.0,0.8,1.7,0.9,1.4,64.0,-3.2,0.0,0.0
고양 소노,임동섭,2018-2019,서울 삼성,27:21,27.35,15.0,0.0,15.0,8.7,1.5,3.5,42.3,1.5,5.6,26.2,2.9,9.1,32.4,1.3,1.7,76.9,0.8,3.1,3.9,1.3,1.3,0.8,0.1,0.0,0.0,1.5,2.9,1.1,2.5,45.9,-8.0,0.0,0.0
고양 소노,임동섭,2016-2017,서울 삼성,30:28,30.47,50.0,30.0,20.0,10.5,1.4,3.1,44.2,2.2,5.9,37.2,3.6,9.0,39.6,1.2,1.6,76.5,0.8,1.9,2.6,1.4,0.7,0.2,0.1,0.0,0.0,1.3,2.4,1.1,2.3,47.4,1.5,0.0,0.0
고양 소노,임동섭,2015-2016,서울 삼성,27:17,27.28,46.0,25.0,21.0,10.0,1.6,3.4,46.8,1.9,5.4,35.6,3.5,8.9,40.0,1.0,1.3,75.8,1.0,2.2,3.1,1.8,0.8,0.2,0.0,0.0,0.0,2.0,2.2,1.2,2.5,50.4,-1.9,0.0,0.0
고양 소노,임동섭,2013-2014,서울 삼성,22:56,22.93,31.0,14.0,17.0,7.9,2.5,4.3,57.5,0.7,2.7,27.1,3.2,7.1,45.7,0.7,0.8,80.8,0.9,1.5,2.5,1.1,0.5,0.0,0.0,0.0,0.0,0.9,2.5,2.2,3.4,64.2,-4.6,0.0,0.0
고양 소노,임동섭,2012-2013,서울 삼성,21:03,21.05,52.0,22.0,30.0,6.5,1.9,3.9,47.8,0.8,2.6,29.2,2.6,6.5,40.3,0.5,0.9,56.5,1.0,1.5,2.5,1.5,0.6,0.2,0.0,0.0,0.0,1.3,1.9,1.5,2.8,54.1,-2.1,0.0,0.0
고양 소노,정희재,2025-2026,고양 소노,16:06,16.1,49.0,25.0,24.0,2.7,0.2,0.5,39.1,0.6,2.5,25.2,0.8,3.0,27.4,0.4,0.5,83.3,0.8,1.3,2.1,0.9,0.5,0.2,0.3,0.0,0.0,0.6,2.3,0.1,0.3,43.8,1.7,0.0,0.0
고양 소노,정희재,2024-2025,고양 소노,19:31,19.52,43.0,17.0,26.0,3.7,0.5,0.9,51.3,0.7,2.6,24.8,1.1,3.5,31.6,0.8,1.2,66.7,0.7,2.0,2.7,1.2,0.4,0.2,0.2,0.0,0.0,0.5,2.5,0.4,0.7,60.0,-0.7,0.0,0.0
고양 소노,정희재,2023-2024,창원 LG,18:42,18.7,54.0,36.0,18.0,5.4,0.7,1.3,54.9,1.0,2.9,34.2,1.7,4.2,40.6,1.0,1.2,81.8,0.6,1.5,2.0,1.3,0.5,0.2,0.1,0.0,0.0,0.5,3.0,0.6,0.9,63.8,1.6,0.0,0.0
고양 소노,정희재,2022-2023,창원 LG,17:48,17.8,53.0,35.0,18.0,4.7,0.7,1.4,48.0,0.9,2.3,39.7,1.6,3.7,42.9,0.6,0.8,81.0,0.8,1.4,2.2,1.3,0.5,0.0,0.1,0.0,0.0,0.7,2.4,0.4,0.8,51.2,3.1,0.0,0.0
고양 소노,정희재,2021-2022,창원 LG,22:05,22.08,51.0,24.0,27.0,7.6,1.5,2.5,58.6,1.1,3.3,34.7,2.6,5.8,45.1,1.3,1.8,73.3,0.9,2.2,3.0,1.0,0.7,0.0,0.1,0.0,0.0,0.9,2.8,1.1,1.7,65.2,0.6,0.0,0.0
고양 소노,정희재,2020-2021,창원 LG,22:25,22.42,45.0,16.0,29.0,6.2,1.0,2.4,43.5,1.0,3.1,33.3,2.1,5.5,37.8,1.0,1.1,86.3,1.2,2.2,3.3,1.0,0.8,0.1,0.2,0.0,0.0,0.6,2.8,0.8,1.6,48.6,-1.2,0.0,0.0
고양 소노,정희재,2019-2020,창원 LG,20:46,20.77,42.0,16.0,26.0,6.2,0.8,1.7,50.0,1.2,3.5,35.9,2.1,5.1,40.5,0.8,1.1,75.6,0.7,1.7,2.5,0.7,0.6,0.0,0.1,0.0,0.0,0.6,2.5,0.5,1.0,55.0,-1.7,0.0,0.0
고양 소노,정희재,2018-2019,전주 KCC,20:55,20.92,51.0,26.0,25.0,4.4,0.8,1.7,49.4,0.7,1.9,35.4,1.5,3.6,41.8,0.6,1.0,64.7,0.6,2.0,2.6,0.8,0.7,0.0,0.2,0.0,0.0,0.5,2.3,0.6,0.9,66.7,-0.1,0.0,0.0
고양 소노,정희재,2017-2018,전주 KCC,5:26,5.43,12.0,8.0,4.0,1.8,0.5,0.9,54.5,0.2,0.4,40.0,0.7,1.3,50.0,0.3,0.3,75.0,0.4,0.5,0.9,0.2,0.3,0.0,0.0,0.0,0.0,0.3,1.5,0.5,0.8,66.7,-0.7,0.0,0.0
고양 소노,정희재,2015-2016,전주 KCC,14:57,14.95,52.0,35.0,17.0,3.8,1.1,1.9,57.4,0.3,0.7,35.1,1.4,2.7,51.4,0.8,1.1,71.4,1.0,1.2,2.3,0.5,0.5,0.2,0.1,0.0,0.0,0.3,2.3,0.8,1.3,63.6,1.4,0.0,0.0
고양 소노,정희재,2014-2015,전주 KCC,18:38,18.63,45.0,9.0,36.0,3.8,0.9,2.3,39.8,0.5,1.5,31.9,1.4,3.8,36.6,0.5,0.8,61.1,0.6,1.4,2.0,0.9,0.6,0.2,0.2,0.0,0.0,0.8,2.5,0.6,1.5,42.6,-4.8,0.0,0.0
고양 소노,정희재,2013-2014,전주 KCC,9:14,9.23,6.0,4.0,2.0,1.3,0.5,0.8,60.0,0.0,0.2,0.0,0.5,1.0,50.0,0.3,0.3,100.0,0.3,0.3,0.7,0.3,0.2,0.2,0.0,0.0,0.0,0.0,0.8,0.3,0.5,66.7,0.7,0.0,0.0
고양 소노,정희재,2012-2013,전주 KCC,14:10,14.17,33.0,8.0,25.0,3.0,0.9,2.5,37.8,0.0,0.2,0.0,0.9,2.7,34.4,1.1,1.3,84.1,0.6,1.0,1.6,0.5,0.7,0.1,0.1,0.0,0.0,0.7,2.5,0.5,1.2,47.4,-2.3,0.0,0.0
고양 소노,조석호,2025-2026,고양 소노,0:47,0.78,2.0,1.0,1.0,0.0,0.0,0.0,0.0,0.0,0.5,0.0,0.0,0.5,0.0,0.0,0.0,0.0,0.0,0.0,0.0,0.0,0.0,0.0,0.0,0.0,0.0,0.0,0.5,0.0,0.0,0.0,0.5,0.0,0.0
고양 소노,조석호,2021-2022,고양 오리온,7:15,7.25,4.0,3.0,1.0,2.3,0.8,2.0,37.5,0.3,1.0,25.0,1.0,3.0,33.3,0.0,0.0,0.0,0.0,0.5,0.5,1.0,0.0,0.0,0.0,0.0,0.0,0.5,1.0,0.8,1.5,50.0,-3.0,0.0,0.0
고양 소노,조재우,2023-2024,고양 소노,5:33,5.55,14.0,5.0,9.0,1.1,0.5,1.1,43.8,0.0,0.1,0.0,0.5,1.3,38.9,0.1,0.3,50.0,0.6,0.1,0.6,0.1,0.1,0.1,0.0,0.0,0.0,0.3,1.4,0.4,0.9,50.0,-3.7,0.0,0.0
고양 소노,조재우,2022-2023,고양 캐롯,8:23,8.38,3.0,2.0,1.0,1.7,0.7,1.3,50.0,0.0,0.0,0.0,0.7,1.3,50.0,0.3,0.7,50.0,0.3,0.7,1.0,0.0,0.0,0.3,0.0,0.0,0.0,0.3,1.0,0.0,0.7,0.0,-6.3,0.0,0.0
고양 소노,최승욱,2025-2026,고양 소노,24:51,24.85,48.0,24.0,24.0,5.8,1.2,2.5,49.2,1.0,3.1,33.3,2.3,5.6,40.4,0.3,0.3,81.3,1.0,1.3,2.3,1.3,0.8,0.2,0.0,0.0,0.0,0.5,1.8,0.8,1.2,66.7,2.1,0.0,0.0
고양 소노,최승욱,2024-2025,고양 소노,22:56,22.93,45.0,15.0,30.0,5.4,1.4,2.8,52.4,0.7,2.4,29.0,2.1,5.1,41.6,0.4,0.5,75.0,1.2,1.4,2.6,1.4,0.6,0.1,0.1,0.0,0.0,0.5,1.6,1.0,1.4,70.3,-2.5,0.0,0.0
고양 소노,최승욱,2023-2024,원주 DB,16:34,16.57,52.0,39.0,13.0,3.9,1.3,2.3,57.3,0.4,1.2,30.2,1.7,3.5,47.8,0.3,0.4,63.6,0.8,0.7,1.4,0.8,0.7,0.1,0.0,0.0,0.0,0.3,1.5,1.0,1.6,65.1,2.0,0.0,0.0
고양 소노,최승욱,2022-2023,원주 DB,23:50,23.83,51.0,19.0,32.0,5.9,2.1,4.1,51.0,0.4,1.7,25.0,2.5,5.8,43.2,0.4,0.7,62.9,1.3,1.8,3.1,1.2,0.6,0.3,0.0,0.0,0.0,0.6,1.5,1.6,2.6,61.2,-3.4,0.0,0.0
고양 소노,최승욱,2021-2022,고양 오리온,6:37,6.62,35.0,18.0,17.0,1.3,0.4,0.8,55.6,0.1,0.5,23.5,0.5,1.3,43.2,0.1,0.2,62.5,0.5,0.5,1.0,0.4,0.3,0.1,0.0,0.0,0.0,0.2,0.7,0.4,0.7,60.9,-0.9,0.0,0.0
고양 소노,최승욱,2020-2021,고양 오리온,4:49,4.82,24.0,13.0,11.0,0.9,0.3,0.8,40.0,0.0,0.2,25.0,0.4,1.0,37.5,0.1,0.1,100.0,0.3,0.5,0.8,0.3,0.2,0.0,0.0,0.0,0.0,0.3,0.4,0.2,0.5,45.5,-0.8,0.0,0.0
고양 소노,최승욱,2019-2020,고양 오리온,15:19,15.32,32.0,11.0,21.0,3.1,0.9,2.1,42.4,0.3,1.2,27.0,1.2,3.2,36.9,0.4,0.5,76.5,0.7,0.9,1.6,0.8,0.4,0.2,0.1,0.0,0.0,0.5,1.5,0.7,1.3,53.5,-2.2,0.0,0.0
고양 소노,최승욱,2018-2019,고양 오리온,19:29,19.48,43.0,19.0,24.0,5.3,1.8,3.4,52.1,0.4,1.6,27.1,2.2,5.0,44.0,0.4,0.6,72.0,0.8,1.0,1.7,1.3,0.5,0.3,0.0,0.0,0.0,0.8,1.5,1.3,2.2,60.0,-2.0,0.0,0.0
고양 소노,최승욱,2017-2018,창원 LG,11:16,11.27,46.0,13.0,33.0,2.6,0.7,1.6,45.9,0.3,1.0,34.1,1.1,2.6,41.5,0.2,0.2,70.0,0.5,0.7,1.2,0.5,0.4,0.1,0.1,0.0,0.0,0.4,1.2,0.5,0.7,71.9,-1.2,0.0,0.0
고양 소노,최승욱,2016-2017,창원 LG,14:13,14.22,41.0,15.0,26.0,3.6,1.2,2.1,58.8,0.3,1.0,29.3,1.5,3.1,49.2,0.2,0.3,71.4,0.6,0.8,1.4,0.8,0.5,0.3,0.0,0.0,0.0,0.6,1.1,1.0,1.6,59.1,-1.8,0.0,0.0
고양 소노,최승욱,2015-2016,창원 LG,15:58,15.97,35.0,11.0,24.0,3.0,1.1,1.9,54.4,0.1,0.9,15.6,1.2,2.9,42.0,0.5,0.7,70.8,0.7,1.1,1.7,1.1,0.3,0.3,0.0,0.0,0.0,0.5,1.2,1.0,1.4,68.0,-0.1,0.0,0.0
고양 소노,최승욱,2014-2015,창원 LG,10:04,10.07,26.0,12.0,14.0,2.3,1.0,1.8,52.1,0.0,0.3,14.3,1.0,2.1,47.3,0.3,0.5,53.8,0.2,0.6,0.8,0.6,0.3,0.2,0.0,0.0,0.0,0.5,1.4,0.8,1.3,61.8,-0.9,0.0,0.0
고양 소노,케빈 켐바오,2025-2026,고양 소노,34:46,34.77,54.0,28.0,26.0,15.3,3.6,6.6,53.9,2.1,6.8,31.5,5.7,13.4,42.5,1.7,2.0,88.7,2.1,4.4,6.5,4.0,1.1,0.4,0.1,0.6,0.6,2.1,1.4,2.3,4.4,52.1,2.7,0.1,0.0
고양 소노,케빈 켐바오,2024-2025,고양 소노,31:29,31.48,23.0,9.0,13.0,16.9,3.8,7.8,48.6,2.2,7.0,31.9,6.0,14.7,40.7,2.7,3.3,81.3,1.7,4.7,6.3,3.9,1.3,0.3,0.1,0.4,0.5,2.7,1.0,2.9,5.0,57.4,-1.0,0.2,0.0
고양 소노,조니 오브라이언트,2025-2026,안양 정관장,25:13,25.22,53.0,34.0,19.0,16.2,4.5,9.6,46.5,1.8,5.8,30.4,6.2,15.4,40.4,1.9,2.9,66.9,1.5,5.2,6.7,2.3,1.1,0.6,0.1,0.2,0.2,2.2,2.5,3.1,5.7,54.8,0.5,0.2,0.0
고양 소노,조니 오브라이언트,2024-2025,안양 정관장,20:00,20.0,23.0,17.0,6.0,16.1,4.7,9.5,49.5,1.7,4.6,36.2,6.3,14.0,45.2,1.7,2.6,66.7,1.9,5.8,7.7,1.4,0.8,0.1,0.0,0.0,0.0,2.0,2.2,3.0,5.5,54.3,3.1,0.3,0.0
고양 소노,조니 오브라이언트,2021-2022,원주 DB,26:16,26.27,39.0,17.0,22.0,15.1,4.5,8.3,53.9,1.4,4.9,28.9,5.9,13.2,44.6,1.9,2.5,76.5,1.8,6.5,8.3,2.0,0.9,0.5,0.1,0.2,0.2,2.0,2.3,3.1,4.8,64.9,-0.5,0.4,0.0
대구 한국가스공사,김국찬,2025-2026,대구 한국가스공사,13:59,13.98,37.0,14.0,23.0,3.6,0.6,1.6,35.0,0.8,2.7,28.3,1.3,4.3,30.8,0.2,0.2,100.0,0.6,1.4,1.9,0.6,0.6,0.1,0.0,0.0,0.0,0.5,1.1,0.3,0.6,47.6,-1.8,0.0,0.0
대구 한국가스공사,김국찬,2024-2025,울산 현대모비스,17:56,17.93,36.0,22.0,14.0,4.9,0.9,1.7,51.7,0.9,2.9,30.8,1.8,4.6,38.4,0.5,0.7,79.2,0.6,2.1,2.8,0.9,0.7,0.3,0.1,0.0,0.0,0.7,1.7,0.6,0.8,70.0,3.6,0.0,0.0
대구 한국가스공사,김국찬,2023-2024,울산 현대모비스,21:35,21.58,52.0,25.0,27.0,7.0,0.9,1.9,50.5,1.5,3.8,38.6,2.4,5.7,42.5,0.8,1.0,78.4,0.7,2.2,2.9,1.4,0.7,0.0,0.1,0.0,0.0,1.1,2.6,0.7,1.1,64.4,0.2,0.0,0.0
대구 한국가스공사,김국찬,2022-2023,울산 현대모비스,7:07,7.12,29.0,19.0,10.0,1.9,0.3,0.7,52.6,0.3,1.0,34.5,0.7,1.7,41.7,0.1,0.2,80.0,0.1,0.8,1.0,0.2,0.1,0.0,0.1,0.0,0.0,0.2,1.0,0.1,0.2,57.1,-0.4,0.0,0.0
대구 한국가스공사,김국찬,2021-2022,울산 현대모비스,21:11,21.18,37.0,23.0,14.0,7.7,1.0,2.0,50.0,1.7,5.4,31.0,2.7,7.4,36.1,0.7,0.9,78.1,0.5,1.3,1.8,1.4,0.6,0.1,0.1,0.0,0.0,0.8,2.0,0.4,0.8,55.2,2.7,0.0,0.0
대구 한국가스공사,김국찬,2020-2021,울산 현대모비스,23:09,23.15,11.0,6.0,5.0,8.3,1.7,3.8,45.2,1.3,4.5,28.0,3.0,8.4,35.9,1.0,1.2,84.6,0.9,2.0,2.9,1.6,1.5,0.1,0.0,0.1,0.1,0.7,2.3,0.8,1.5,52.9,4.8,0.0,0.0
대구 한국가스공사,김국찬,2019-2020,울산 현대모비스,28:29,28.48,29.0,12.0,17.0,12.4,2.0,5.1,39.9,2.4,7.0,34.8,4.5,12.1,36.9,1.0,1.6,65.2,1.0,1.9,2.9,1.8,0.7,0.0,0.1,0.0,0.0,1.7,2.6,1.1,2.5,43.8,-3.4,0.0,0.0
대구 한국가스공사,김국찬,2019-2020,전주 KCC,21:55,21.92,12.0,7.0,5.0,8.1,1.6,4.2,38.0,1.4,3.8,37.0,3.0,8.0,37.5,0.7,0.9,72.7,0.8,1.8,2.6,1.3,0.5,0.2,0.0,0.1,0.1,0.8,1.3,0.9,2.3,40.7,-0.8,0.0,0.0
대구 한국가스공사,김국찬,2018-2019,전주 KCC,10:30,10.5,16.0,7.0,9.0,2.8,0.9,1.4,68.2,0.2,1.6,12.0,1.1,2.9,38.3,0.4,0.4,100.0,0.4,0.9,1.3,0.3,0.1,0.2,0.0,0.0,0.0,0.7,0.8,0.6,0.8,83.3,1.8,0.0,0.0
대구 한국가스공사,김민규,2025-2026,대구 한국가스공사,13:38,13.63,30.0,10.0,20.0,3.3,0.7,1.2,61.1,0.5,1.8,28.3,1.2,3.0,41.6,0.3,0.3,90.0,0.6,1.6,2.2,0.5,0.4,0.1,0.0,0.2,0.2,0.5,1.5,0.5,0.8,62.5,-0.5,0.0,0.0
대구 한국가스공사,김준일,2025-2026,대구 한국가스공사,20:59,20.98,53.0,16.0,37.0,7.1,3.2,6.6,48.7,0.0,0.1,0.0,3.2,6.7,48.0,0.7,0.9,77.6,1.4,3.0,4.5,1.5,0.4,0.4,0.2,0.0,0.0,1.2,2.5,2.1,3.7,56.6,-2.7,0.0,0.0
대구 한국가스공사,김준일,2024-2025,대구 한국가스공사,23:42,23.7,19.0,9.0,10.0,8.1,3.4,7.0,48.9,0.1,0.4,14.3,3.5,7.4,47.1,1.1,1.3,84.0,2.7,3.4,6.1,3.0,0.6,0.8,0.1,0.1,0.1,2.3,2.5,2.6,5.2,50.0,3.6,0.1,0.0
대구 한국가스공사,김준일,2024-2025,울산 현대모비스,11:17,11.28,15.0,8.0,7.0,3.5,1.3,2.7,48.8,0.0,0.1,0.0,1.3,2.9,46.5,0.9,1.3,68.4,0.9,1.9,2.8,0.8,0.5,0.7,0.1,0.0,0.0,0.9,1.5,0.8,1.5,52.2,-0.2,0.0,0.0
대구 한국가스공사,김준일,2023-2024,울산 현대모비스,11:14,11.23,39.0,20.0,19.0,4.1,1.4,2.9,49.1,0.0,0.1,50.0,1.4,2.9,49.1,1.2,1.5,76.7,1.0,1.4,2.5,1.2,0.4,0.2,0.0,0.1,0.1,0.8,1.9,1.1,2.2,50.0,0.2,0.0,0.0
대구 한국가스공사,김준일,2022-2023,창원 LG,15:35,15.58,51.0,35.0,16.0,8.2,3.2,5.9,53.8,0.0,0.0,0.0,3.2,5.9,53.6,1.8,2.4,74.8,1.0,2.3,3.3,1.5,0.3,0.4,0.0,0.1,0.1,1.2,2.1,2.3,4.0,56.1,-0.1,0.0,0.0
대구 한국가스공사,김준일,2021-2022,창원 LG,17:35,17.58,1.0,0.0,1.0,6.0,3.0,4.0,75.0,0.0,0.0,0.0,3.0,4.0,75.0,0.0,0.0,0.0,0.0,2.0,2.0,1.0,2.0,0.0,0.0,0.0,0.0,4.0,4.0,3.0,3.0,100.0,0.0,0.0,0.0
대구 한국가스공사,김준일,2020-2021,서울 삼성,20:44,20.73,42.0,17.0,25.0,9.3,4.0,7.3,55.2,0.1,0.5,15.0,4.1,7.8,52.8,1.0,1.6,64.2,1.6,2.5,4.1,1.4,0.4,0.6,0.0,0.1,0.1,1.3,2.3,3.4,5.4,62.6,-2.2,0.0,0.0
대구 한국가스공사,김준일,2019-2020,서울 삼성,27:43,27.72,33.0,15.0,18.0,11.8,4.9,8.8,55.8,0.0,0.2,0.0,4.9,9.1,54.3,1.9,2.6,75.3,1.7,3.4,5.1,1.8,1.0,0.5,0.1,0.2,0.2,1.6,2.5,3.8,6.3,60.9,-0.9,0.0,0.0
대구 한국가스공사,김준일,2018-2019,서울 삼성,25:16,25.27,7.0,1.0,6.0,9.9,3.7,8.6,43.3,0.0,0.3,0.0,3.7,8.9,41.9,2.4,2.9,85.0,2.3,4.1,6.4,1.1,0.7,0.7,0.1,0.0,0.0,1.4,2.4,2.6,5.0,51.4,-5.9,0.3,0.0
대구 한국가스공사,김준일,2016-2017,서울 삼성,20:39,20.65,54.0,34.0,20.0,9.0,3.6,7.0,51.1,0.3,0.9,31.4,3.9,7.9,48.7,1.0,1.5,67.5,1.4,2.1,3.6,0.9,0.5,0.6,0.1,0.1,0.1,1.4,2.6,3.0,5.2,56.9,-0.2,0.0,0.0
대구 한국가스공사,김준일,2015-2016,서울 삼성,25:49,25.82,54.0,29.0,25.0,10.9,4.7,8.9,52.5,0.0,0.0,50.0,4.7,8.9,52.5,1.5,2.0,72.5,2.1,2.7,4.7,1.7,0.8,0.6,0.0,0.1,0.1,2.0,2.8,3.6,6.0,60.3,0.1,0.0,0.0
대구 한국가스공사,김준일,2014-2015,서울 삼성,29:26,29.43,51.0,11.0,40.0,13.8,5.8,11.2,52.2,0.0,0.1,14.3,5.8,11.3,51.7,2.1,2.9,72.7,1.6,2.7,4.4,1.7,0.7,0.7,0.1,0.2,0.2,2.0,2.5,4.4,7.5,58.2,-4.3,0.0,0.0
대구 한국가스공사,박준영,2025-2026,수원 KT,22:24,22.4,51.0,26.0,25.0,7.3,1.7,2.9,56.7,1.1,3.2,33.7,2.7,6.1,44.7,0.7,1.1,64.9,1.2,2.4,3.6,1.8,0.5,0.1,0.2,0.0,0.0,1.0,1.9,1.5,2.6,57.0,-2.4,0.0,0.0
대구 한국가스공사,박준영,2024-2025,수원 KT,20:09,20.15,45.0,26.0,18.0,8.2,2.0,4.3,46.1,1.1,2.7,39.3,3.0,7.0,43.5,1.1,1.8,61.3,2.0,2.4,4.5,1.8,0.5,0.1,0.1,0.0,0.0,1.1,1.8,1.8,3.6,48.8,-1.0,0.1,0.0
대구 한국가스공사,박준영,2023-2024,수원 KT,4:45,4.75,2.0,1.0,1.0,1.0,0.5,2.0,25.0,0.0,1.0,0.0,0.5,3.0,16.7,0.0,0.0,0.0,0.0,0.5,0.5,0.0,0.5,0.0,0.0,0.0,0.0,0.0,1.0,0.5,1.0,50.0,-6.5,0.0,0.0
대구 한국가스공사,박준영,2023-2024,수원 KT,4:45,4.75,2.0,1.0,1.0,1.0,0.5,2.0,25.0,0.0,1.0,0.0,0.5,3.0,16.7,0.0,0.0,0.0,0.0,0.5,0.5,0.0,0.5,0.0,0.0,0.0,0.0,0.0,1.0,0.5,1.0,50.0,-6.5,0.0,0.0
대구 한국가스공사,박준영,2021-2022,수원 KT,6:40,6.67,28.0,18.0,10.0,2.1,0.9,1.6,57.8,0.0,0.4,8.3,1.0,2.0,47.4,0.2,0.4,41.7,0.4,0.7,1.1,0.5,0.1,0.0,0.0,0.0,0.0,0.2,1.0,0.8,1.2,63.6,-0.5,0.0,0.0
대구 한국가스공사,박준영,2020-2021,부산 KT,18:31,18.52,46.0,23.0,23.0,6.9,2.4,4.4,55.7,0.5,1.4,34.9,2.9,5.7,50.8,0.6,0.7,81.8,1.2,1.8,3.1,0.8,0.3,0.3,0.1,0.0,0.0,0.8,1.7,2.0,3.0,67.1,1.1,0.0,0.0
대구 한국가스공사,박준영,2019-2020,부산 KT,11:43,11.72,22.0,8.0,14.0,4.0,1.3,2.6,48.3,0.4,1.0,38.1,1.6,3.6,45.6,0.4,0.5,81.8,0.8,1.0,1.8,0.5,0.2,0.1,0.1,0.0,0.0,0.8,1.0,1.1,2.2,51.0,-2.1,0.0,0.0
대구 한국가스공사,박준영,2018-2019,부산 KT,9:14,9.23,9.0,2.0,7.0,3.6,1.3,2.6,52.2,0.1,0.8,14.3,1.4,3.3,43.3,0.6,0.7,83.3,1.1,1.4,2.6,0.9,0.4,0.0,0.0,0.0,0.0,0.6,1.2,1.1,2.0,55.6,-0.6,0.0,0.0
대구 한국가스공사,박준은,2025-2026,울산 현대모비스,6:40,6.67,5.0,1.0,4.0,2.2,0.2,0.2,100.0,0.6,2.0,30.0,0.8,2.2,36.4,0.0,0.0,0.0,0.4,0.2,0.6,0.0,0.0,0.0,0.0,0.0,0.0,0.2,0.8,0.2,0.2,100.0,-0.6,0.0,0.0
대구 한국가스공사,박준은,2023-2024,울산 현대모비스,6:02,6.03,7.0,4.0,3.0,1.1,0.1,0.4,33.3,0.3,1.3,22.2,0.4,1.7,25.0,0.0,0.0,0.0,0.1,0.7,0.9,0.1,0.0,0.0,0.0,0.0,0.0,0.4,0.9,0.0,0.3,0.0,-1.6,0.0,0.0
대구 한국가스공사,박준은,2022-2023,울산 현대모비스,0:23,0.38,1.0,1.0,0.0,0.0,0.0,0.0,0.0,0.0,0.0,0.0,0.0,0.0,0.0,0.0,0.0,0.0,0.0,0.0,0.0,0.0,0.0,0.0,0.0,0.0,0.0,0.0,0.0,0.0,0.0,0.0,-2.0,0.0,0.0
대구 한국가스공사,박준은,2020-2021,울산 현대모비스,4:25,4.42,1.0,0.0,1.0,0.0,0.0,0.0,0.0,0.0,2.0,0.0,0.0,2.0,0.0,0.0,0.0,0.0,0.0,0.0,0.0,0.0,0.0,0.0,0.0,0.0,0.0,0.0,1.0,0.0,0.0,0.0,-9.0,0.0,0.0
대구 한국가스공사,박준은,2019-2020,울산 현대모비스,1:53,1.88,2.0,0.0,2.0,1.5,0.0,0.0,0.0,0.5,0.5,100.0,0.5,0.5,100.0,0.0,0.0,0.0,0.0,0.0,0.0,0.0,0.0,0.0,0.0,0.0,0.0,0.0,0.0,0.0,0.0,0.0,2.5,0.0,0.0
대구 한국가스공사,샘조세프 벨란겔,2025-2026,대구 한국가스공사,31:56,31.93,53.0,17.0,36.0,15.8,3.8,7.2,52.4,2.0,6.3,31.4,5.8,13.5,42.6,2.4,3.0,77.6,0.4,2.4,2.8,4.7,1.2,0.0,0.2,0.0,0.0,1.5,1.7,2.9,4.8,60.2,-2.6,0.0,0.0
대구 한국가스공사,샘조세프 벨란겔,2024-2025,대구 한국가스공사,29:41,29.68,53.0,28.0,25.0,14.0,3.4,6.4,52.5,1.7,5.1,33.2,5.0,11.5,44.0,2.2,2.7,81.9,0.6,2.3,2.9,4.8,1.7,0.1,0.1,0.0,0.0,1.6,2.2,2.7,4.6,59.2,4.6,0.0,0.0
대구 한국가스공사,샘조세프 벨란겔,2023-2024,대구 한국가스공사,28:52,28.87,52.0,21.0,31.0,12.6,3.3,5.9,56.0,1.4,4.0,34.3,4.7,10.0,47.2,1.8,2.4,76.6,0.4,1.8,2.2,3.8,0.9,0.0,0.4,0.0,0.0,1.3,2.6,2.9,4.8,60.8,0.3,0.0,0.0
대구 한국가스공사,샘조세프 벨란겔,2022-2023,대구 한국가스공사,18:48,18.8,52.0,16.0,36.0,7.0,1.9,3.6,53.7,0.8,3.0,27.9,2.8,6.6,42.1,0.7,1.0,66.7,0.5,1.4,1.9,2.0,0.8,0.0,0.2,0.0,0.0,0.9,2.0,1.3,2.4,55.1,-0.2,0.0,0.0
대구 한국가스공사,손준,2025-2026,대구 한국가스공사,4:36,4.6,2.0,1.0,1.0,1.0,0.0,0.0,0.0,0.0,0.0,0.0,0.0,0.0,0.0,1.0,1.0,100.0,0.0,0.5,0.5,0.0,0.0,0.0,0.0,0.0,0.0,1.0,2.0,0.0,0.0,0.0,-5.5,0.0,0.0
대구 한국가스공사,손준,2024-2025,대구 한국가스공사,4:59,4.98,7.0,2.0,5.0,1.3,0.4,1.1,37.5,0.1,1.4,10.0,0.6,2.6,22.2,0.0,0.0,0.0,0.6,0.4,1.0,0.1,0.0,0.0,0.0,0.0,0.0,0.3,1.0,0.4,1.1,37.5,-2.1,0.0,0.0
대구 한국가스공사,양우혁,2025-2026,대구 한국가스공사,15:17,15.28,35.0,11.0,24.0,4.8,1.3,3.3,41.2,0.5,1.8,25.0,1.8,5.1,35.4,0.8,0.9,81.8,0.5,0.7,1.1,1.7,0.2,0.0,0.1,0.0,0.0,1.2,2.3,0.7,1.6,45.5,-2.9,0.0,0.0
대구 한국가스공사,양재혁,2025-2026,대구 한국가스공사,7:35,7.58,27.0,7.0,20.0,0.9,0.1,0.1,66.7,0.3,0.9,30.4,0.3,1.0,34.6,0.0,0.0,0.0,0.5,0.6,1.1,0.4,0.4,0.0,0.3,0.0,0.0,0.2,1.1,0.0,0.0,100.0,-0.6,0.0,0.0
대구 한국가스공사,양재혁,2024-2025,대구 한국가스공사,8:11,8.18,37.0,21.0,16.0,1.0,0.2,0.2,66.7,0.2,1.1,17.1,0.4,1.4,26.0,0.1,0.2,50.0,0.3,0.6,0.9,0.5,0.3,0.1,0.1,0.0,0.0,0.3,1.6,0.1,0.1,75.0,0.4,0.0,0.0
대구 한국가스공사,양재혁,2023-2024,대구 한국가스공사,10:24,10.4,16.0,7.0,9.0,1.1,0.2,0.6,33.3,0.3,1.1,23.5,0.4,1.6,26.9,0.0,0.0,0.0,0.6,0.8,1.4,0.1,0.6,0.0,0.1,0.0,0.0,0.1,1.5,0.2,0.4,42.9,-0.7,0.0,0.0
대구 한국가스공사,양재혁,2020-2021,인천 전자랜드,6:37,6.62,22.0,9.0,13.0,0.6,0.1,0.6,14.3,0.1,0.5,16.7,0.2,1.2,15.4,0.2,0.2,100.0,0.3,0.5,0.9,0.2,0.3,0.0,0.0,0.0,0.0,0.2,0.9,0.1,0.4,22.2,-0.6,0.0,0.0
대구 한국가스공사,양재혁,2019-2020,인천 전자랜드,6:29,6.48,2.0,1.0,1.0,1.0,0.5,1.0,50.0,0.0,0.5,0.0,0.5,1.5,33.3,0.0,0.0,0.0,0.0,1.5,1.5,0.0,0.0,0.5,0.0,0.0,0.0,0.0,0.5,0.0,0.0,0.0,-4.0,0.0,0.0
대구 한국가스공사,양준우,2023-2024,대구 한국가스공사,8:20,8.33,37.0,13.0,24.0,2.5,0.3,0.9,33.3,0.5,1.5,35.2,0.8,2.4,34.5,0.3,0.7,44.4,0.2,0.7,0.9,0.9,0.2,0.0,0.1,0.0,0.0,0.6,1.0,0.1,0.4,30.8,-2.9,0.0,0.0
대구 한국가스공사,양준우,2022-2023,대구 한국가스공사,25:02,25.03,3.0,1.0,2.0,5.3,0.3,2.3,14.3,1.3,2.7,50.0,1.7,5.0,33.3,0.7,1.0,66.7,0.0,1.0,1.0,3.7,1.3,0.0,0.0,0.0,0.0,1.0,3.0,0.3,2.0,16.7,-5.3,0.0,0.0
대구 한국가스공사,양준우,2021-2022,대구 한국가스공사,6:44,6.73,28.0,13.0,15.0,1.8,0.3,0.7,42.1,0.3,0.9,37.5,0.6,1.5,39.5,0.2,0.3,75.0,0.1,0.7,0.8,0.9,0.1,0.0,0.0,0.0,0.0,0.5,1.0,0.2,0.4,54.5,-1.0,0.0,0.0
대구 한국가스공사,양준우,2020-2021,인천 전자랜드,10:26,10.43,5.0,2.0,3.0,1.2,0.0,0.6,0.0,0.4,1.8,22.2,0.4,2.4,16.7,0.0,0.0,0.0,0.0,0.0,0.0,1.8,1.0,0.0,0.2,0.0,0.0,0.8,1.2,0.0,0.0,0.0,-3.8,0.0,0.0
대구 한국가스공사,염유성,2023-2024,대구 한국가스공사,7:27,7.45,12.0,2.0,10.0,1.8,0.4,0.7,62.5,0.3,1.7,20.0,0.8,2.3,32.1,0.0,0.0,0.0,0.3,0.3,0.5,0.2,0.3,0.0,0.1,0.0,0.0,0.3,0.8,0.4,0.7,62.5,-4.3,0.0,0.0
대구 한국가스공사,염유성,2022-2023,대구 한국가스공사,16:26,16.43,7.0,1.0,6.0,3.0,0.9,2.6,33.3,0.4,2.3,18.8,1.3,4.9,26.5,0.0,0.0,0.0,0.6,0.6,1.1,1.1,0.6,0.0,0.0,0.0,0.0,0.7,1.6,0.6,1.1,50.0,-1.7,0.0,0.0
대구 한국가스공사,우동현,2025-2026,대구 한국가스공사,6:20,6.33,24.0,6.0,18.0,1.0,0.1,0.3,42.9,0.1,0.8,16.7,0.3,1.0,24.0,0.3,0.4,80.0,0.2,0.2,0.4,0.8,0.5,0.0,0.0,0.0,0.0,0.3,1.2,0.1,0.2,50.0,0.7,0.0,0.0
대구 한국가스공사,우동현,2024-2025,대구 한국가스공사,9:18,9.3,12.0,5.0,7.0,1.7,0.3,0.7,50.0,0.3,2.1,12.0,0.6,2.8,21.2,0.3,0.3,75.0,0.3,0.6,0.8,1.1,0.4,0.0,0.2,0.0,0.0,0.4,1.3,0.3,0.4,60.0,2.7,0.0,0.0
대구 한국가스공사,우동현,2022-2023,대구 한국가스공사,9:44,9.73,34.0,8.0,26.0,2.8,0.5,0.9,51.6,0.4,1.2,33.3,0.9,2.1,41.1,0.6,0.9,66.7,0.4,0.7,1.1,1.0,0.3,0.0,0.3,0.0,0.0,0.7,1.6,0.4,0.7,52.2,-0.1,0.0,0.0
대구 한국가스공사,우동현,2021-2022,안양 KGC,5:29,5.48,36.0,20.0,16.0,1.6,0.3,0.5,52.6,0.3,1.9,16.4,0.6,2.4,24.4,0.1,0.2,57.1,0.1,0.3,0.4,0.2,0.3,0.0,0.1,0.0,0.0,0.1,0.8,0.3,0.4,64.3,-1.5,0.0,0.0
대구 한국가스공사,우동현,2020-2021,안양 KGC,3:28,3.47,29.0,14.0,15.0,0.8,0.1,0.3,37.5,0.2,0.9,22.2,0.3,1.2,25.7,0.0,0.0,0.0,0.1,0.2,0.3,0.1,0.1,0.0,0.0,0.0,0.0,0.1,0.7,0.1,0.2,40.0,-0.7,0.0,0.0
대구 한국가스공사,우동현,2018-2019,서울 SK,2:39,2.65,6.0,3.0,3.0,0.0,0.0,0.5,0.0,0.0,0.7,0.0,0.0,1.2,0.0,0.0,0.0,0.0,0.2,0.2,0.3,0.2,0.0,0.0,0.0,0.0,0.0,0.0,0.3,0.0,0.2,0.0,-2.8,0.0,0.0
대구 한국가스공사,젼현우,2025-2026,대구 한국가스공사,9:10,9.17,51.0,14.0,37.0,1.7,0.1,0.4,30.0,0.4,1.9,22.2,0.5,2.3,23.5,0.2,0.2,88.9,0.5,0.8,1.3,0.1,0.1,0.0,0.0,0.0,0.0,0.1,1.0,0.1,0.2,44.4,-2.8,0.0,0.0
대구 한국가스공사,젼현우,2024-2025,대구 한국가스공사,20:20,20.33,19.0,8.0,11.0,7.4,1.0,1.6,63.3,1.7,4.8,35.9,2.7,6.4,42.6,0.2,0.5,33.3,0.7,1.6,2.3,0.9,0.5,0.4,0.0,0.0,0.0,0.8,1.8,0.8,1.0,78.9,1.6,0.0,0.0
대구 한국가스공사,젼현우,2022-2023,대구 한국가스공사,11:50,11.83,44.0,14.0,30.0,3.8,0.5,1.0,53.5,0.8,2.8,29.5,1.3,3.8,35.8,0.3,0.3,86.7,0.3,0.5,0.8,0.4,0.3,0.0,0.0,0.0,0.0,0.3,1.2,0.4,0.8,57.6,0.1,0.0,0.0
대구 한국가스공사,젼현우,2021-2022,대구 한국가스공사,22:32,22.53,54.0,27.0,27.0,7.4,1.0,1.8,54.5,1.6,4.4,36.3,2.6,6.2,41.7,0.7,0.9,70.6,0.6,1.5,2.1,0.7,0.5,0.0,0.1,0.0,0.0,0.4,2.2,0.8,1.5,57.0,0.6,0.0,0.0
대구 한국가스공사,젼현우,2020-2021,인천 전자랜드,24:57,24.95,54.0,27.0,27.0,9.0,1.0,1.9,53.5,2.1,5.0,41.3,3.1,6.9,44.6,0.8,0.9,89.8,0.4,1.7,2.1,0.4,0.6,0.0,0.1,0.0,0.0,0.3,1.5,0.6,1.0,62.3,4.5,0.0,0.0
대구 한국가스공사,젼현우,2019-2020,인천 전자랜드,17:11,17.18,38.0,20.0,18.0,3.9,0.7,1.1,63.4,0.8,3.0,25.4,1.4,4.1,35.5,0.2,0.4,57.1,0.5,1.0,1.6,0.3,0.5,0.1,0.1,0.0,0.0,0.2,1.2,0.6,0.8,67.7,-2.3,0.0,0.0
대구 한국가스공사,젼현우,2018-2019,인천 전자랜드,13:00,13.0,17.0,10.0,7.0,3.2,0.6,0.9,73.3,0.6,2.1,31.4,1.3,2.9,44.0,0.0,0.1,0.0,0.6,1.1,1.8,0.2,0.4,0.1,0.1,0.0,0.0,0.5,1.2,0.6,0.7,83.3,-0.5,0.0,0.0
대구 한국가스공사,정성우,2025-2026,대구 한국가스공사,26:39,26.65,52.0,17.0,35.0,7.5,1.1,2.5,44.5,1.5,4.1,35.8,2.6,6.6,39.1,0.8,1.0,81.1,0.7,1.3,2.0,3.6,1.1,0.0,0.6,0.0,0.0,1.5,2.8,0.8,1.7,47.2,-0.9,0.0,0.0
대구 한국가스공사,정성우,2024-2025,대구 한국가스공사,23:03,23.05,52.0,27.0,25.0,6.1,1.4,2.8,51.0,0.9,2.9,30.3,2.3,5.7,40.4,0.6,0.9,68.8,0.6,1.3,1.9,3.9,1.5,0.0,0.4,0.0,0.0,1.4,2.6,1.3,2.3,53.7,2.5,0.0,0.0
대구 한국가스공사,정성우,2023-2024,수원 KT,25:02,25.03,54.0,33.0,21.0,8.2,1.9,3.8,51.0,1.1,3.6,30.2,3.0,7.4,41.0,1.1,1.6,67.4,0.6,1.5,2.1,4.7,1.2,0.0,0.2,0.0,0.0,1.3,2.5,1.6,3.0,52.8,1.4,0.0,0.0
대구 한국가스공사,정성우,2022-2023,수원 KT,28:34,28.57,48.0,20.0,28.0,9.9,2.0,4.7,42.0,1.5,4.2,36.0,3.5,8.9,39.2,1.4,1.9,73.9,0.5,1.8,2.3,4.1,1.0,0.0,0.2,0.0,0.0,1.8,2.2,1.6,3.7,43.0,-1.6,0.0,0.0
대구 한국가스공사,정성우,2021-2022,수원 KT,25:14,25.23,50.0,35.0,15.0,9.7,2.2,4.3,51.6,1.3,3.9,34.2,3.6,8.3,43.3,1.2,1.5,80.8,0.6,1.5,2.1,3.6,1.3,0.0,0.3,0.0,0.0,1.3,2.6,1.9,3.5,54.9,5.0,0.0,0.0
대구 한국가스공사,정성우,2020-2021,창원 LG,14:02,14.03,43.0,15.0,28.0,4.8,1.2,2.6,44.6,0.7,2.2,30.5,1.8,4.8,38.2,0.5,0.7,71.4,0.1,0.7,0.8,1.9,0.6,0.0,0.1,0.0,0.0,0.6,1.4,0.9,1.8,47.4,-1.7,0.0,0.0
대구 한국가스공사,정성우,2019-2020,창원 LG,13:38,13.63,38.0,14.0,24.0,2.1,0.5,1.2,44.4,0.3,1.6,22.0,0.9,2.7,31.7,0.1,0.2,28.6,0.2,0.6,0.8,1.6,0.6,0.0,0.1,0.0,0.0,0.5,1.9,0.4,0.9,42.4,-1.5,0.0,0.0
대구 한국가스공사,정성우,2017-2018,창원 LG,8:32,8.53,14.0,6.0,8.0,1.6,0.4,1.4,31.6,0.2,1.4,15.8,0.6,2.7,23.7,0.1,0.2,66.7,0.2,0.8,1.0,1.3,0.6,0.1,0.2,0.0,0.0,0.3,1.0,0.4,1.1,37.5,-1.4,0.0,0.0
대구 한국가스공사,정성우,2016-2017,창원 LG,14:16,14.27,47.0,20.0,27.0,2.3,0.6,1.2,46.4,0.3,1.1,26.4,0.9,2.3,36.7,0.3,0.4,65.0,0.3,0.6,0.9,1.8,0.8,0.1,0.1,0.0,0.0,0.8,1.3,0.5,0.9,55.0,-0.2,0.0,0.0
대구 한국가스공사,정성우,2015-2016,창원 LG,21:21,21.35,37.0,17.0,20.0,4.2,1.0,2.1,46.2,0.6,2.0,32.9,1.6,4.1,39.7,0.3,0.5,66.7,0.4,1.3,1.7,2.8,1.1,0.0,0.1,0.0,0.0,1.1,2.2,0.9,1.7,54.7,0.4,0.0,0.0
대구 한국가스공사,최승욱B,2024-2025,서울 삼성,14:16,14.27,52.0,14.0,38.0,3.1,1.1,2.1,53.7,0.2,1.5,12.7,1.3,3.6,36.4,0.3,0.5,50.0,0.8,1.6,2.4,0.5,0.6,0.2,0.2,0.0,0.0,0.4,1.4,0.9,1.7,54.0,-4.3,0.0,0.0
대구 한국가스공사,최승욱B,2023-2024,서울 삼성,17:54,17.9,52.0,13.0,39.0,5.2,1.7,3.1,53.7,0.4,1.2,33.9,2.1,4.3,48.2,0.6,1.1,60.0,1.2,1.9,3.1,0.7,0.8,0.2,0.2,0.0,0.0,0.6,1.9,1.5,2.6,58.4,-3.8,0.0,0.0
대구 한국가스공사,최승욱B,2022-2023,서울 삼성,6:23,6.38,6.0,0.0,6.0,1.0,0.3,0.8,40.0,0.0,0.7,0.0,0.3,1.5,22.2,0.3,0.3,100.0,0.8,0.3,1.2,0.7,0.3,0.0,0.3,0.0,0.0,0.5,1.2,0.3,0.7,50.0,-1.2,0.0,0.0
대구 한국가스공사,최승욱B,2022-2023,창원 LG,3:45,3.75,7.0,4.0,3.0,0.9,0.3,1.0,28.6,0.0,0.3,0.0,0.3,1.3,22.2,0.3,0.9,33.3,0.3,0.3,0.6,0.3,0.3,0.0,0.0,0.0,0.0,0.1,0.7,0.3,0.6,50.0,-0.1,0.0,0.0
대구 한국가스공사,최승욱B,2022-2023,창원 LG,3:45,3.75,7.0,4.0,3.0,0.9,0.3,1.0,28.6,0.0,0.3,0.0,0.3,1.3,22.2,0.3,0.9,33.3,0.3,0.3,0.6,0.3,0.3,0.0,0.0,0.0,0.0,0.1,0.7,0.3,0.6,50.0,-0.1,0.0,0.0
대구 한국가스공사,최승욱B,2020-2021,창원 LG,16:20,16.33,38.0,14.0,24.0,4.3,1.3,3.1,40.7,0.4,1.2,31.8,1.6,4.3,38.3,0.7,1.2,60.0,1.0,1.1,2.1,0.7,0.9,0.2,0.1,0.0,0.0,0.4,1.4,0.9,2.1,46.2,-2.3,0.0,0.0
대구 한국가스공사,최승욱B,2019-2020,전주 KCC,13:47,13.78,39.0,20.0,19.0,3.7,1.2,2.2,54.8,0.3,1.2,26.1,1.5,3.3,44.6,0.4,0.9,47.1,0.7,1.3,2.0,0.5,0.2,0.2,0.2,0.0,0.0,0.3,1.3,1.1,1.8,60.0,-0.9,0.0,0.0
대구 한국가스공사,최승욱B,2018-2019,전주 KCC,11:37,11.62,37.0,15.0,22.0,2.2,0.8,1.6,50.0,0.1,0.8,16.7,0.9,2.4,38.6,0.2,0.4,64.3,0.7,1.1,1.8,0.5,0.5,0.1,0.1,0.0,0.0,0.3,1.2,0.7,1.4,50.0,-0.6,0.0,0.0
대구 한국가스공사,최승욱B,2017-2018,전주 KCC,6:29,6.48,26.0,19.0,7.0,1.5,0.6,1.0,60.0,0.1,0.6,12.5,0.7,1.6,41.5,0.1,0.2,40.0,0.4,0.6,1.0,0.4,0.3,0.1,0.0,0.0,0.0,0.2,0.9,0.6,0.9,65.2,-2.4,0.0,0.0
대구 한국가스공사,최승욱B,2016-2017,전주 KCC,16:01,16.02,47.0,15.0,32.0,3.6,1.0,2.0,48.4,0.4,1.3,33.3,1.4,3.3,42.5,0.4,0.6,69.0,0.7,1.8,2.5,0.6,0.6,0.3,0.0,0.0,0.0,0.5,1.6,0.7,1.3,56.5,0.6,0.0,0.0
대구 한국가스공사,케베 알루마,2023-2024,울산 현대모비스,17:45,17.75,48.0,25.0,23.0,13.9,4.0,7.0,56.5,1.3,3.9,32.4,5.2,10.9,48.0,2.3,3.1,73.6,2.1,4.5,6.6,1.4,0.5,0.5,0.1,0.6,0.7,1.5,1.9,3.5,6.0,58.7,1.7,0.2,0.0
대구 한국가스공사,라건아,2025-2026,대구 한국가스공사,26:27,26.45,53.0,16.0,37.0,15.5,5.4,8.6,62.0,1.1,2.6,43.8,6.5,11.2,57.8,1.4,1.8,76.6,3.1,6.3,9.4,2.2,0.5,0.6,0.0,0.2,0.2,1.6,2.0,4.3,6.5,66.4,-1.8,0.4,0.0
대구 한국가스공사,라건아,2023-2024,부산 KCC,21:16,21.27,53.0,29.0,24.0,15.6,5.9,9.1,65.0,0.6,1.6,35.3,6.5,10.7,60.6,2.1,2.7,77.6,3.0,5.5,8.4,1.3,0.3,0.8,0.0,0.2,0.2,1.4,1.7,5.3,7.7,68.9,-0.2,0.4,0.0
대구 한국가스공사,라건아,2022-2023,전주 KCC,28:08,28.13,54.0,24.0,30.0,17.5,6.0,10.5,57.7,0.9,2.3,39.0,6.9,12.7,54.4,2.7,3.3,83.1,3.7,8.0,11.8,1.9,0.4,0.8,0.0,0.3,0.3,1.6,1.4,5.4,8.6,63.2,-0.8,0.6,0.0
대구 한국가스공사,라건아,2021-2022,전주 KCC,29:20,29.33,54.0,21.0,33.0,18.8,7.0,10.9,64.3,0.9,2.3,38.1,7.9,13.2,59.7,2.1,2.8,76.8,3.6,7.4,10.9,2.0,0.5,0.9,0.0,0.5,0.5,1.4,1.8,6.0,8.6,69.8,-0.7,0.6,0.0
대구 한국가스공사,라건아,2020-2021,전주 KCC,20:52,20.87,50.0,34.0,16.0,14.3,6.0,9.8,61.0,0.1,0.3,21.4,6.1,10.1,59.9,2.1,2.7,78.9,3.0,6.1,9.1,1.7,0.5,0.8,0.0,0.5,0.6,1.2,1.8,4.9,7.3,67.1,3.0,0.5,0.0
대구 한국가스공사,라건아,2019-2020,전주 KCC,30:13,30.22,28.0,14.0,14.0,18.8,7.9,13.4,58.7,0.0,0.1,50.0,7.9,13.5,58.6,3.0,4.1,71.6,3.5,7.9,11.4,2.0,0.8,0.8,0.0,0.7,0.8,1.8,2.0,6.4,9.4,67.9,2.1,0.6,0.0
대구 한국가스공사,라건아,2019-2020,울산 현대모비스,32:41,32.68,13.0,6.0,7.0,23.4,9.9,18.3,54.2,0.1,0.6,12.5,10.0,18.9,52.8,3.3,4.8,69.4,4.8,10.2,14.9,1.8,0.3,1.5,0.0,1.1,1.1,2.2,1.4,7.4,11.1,66.7,0.2,0.8,0.0
대구 한국가스공사,라건아,2018-2019,울산 현대모비스,31:48,31.8,50.0,40.0,10.0,24.7,10.7,16.9,63.6,0.0,0.1,33.3,10.8,17.0,63.3,3.1,4.1,75.4,4.6,9.6,14.2,2.8,0.6,1.6,0.0,0.8,0.8,2.5,2.4,8.3,11.4,73.2,8.7,0.9,0.0
대구 한국가스공사,라건아,2017-2018,서울 삼성,35:07,35.12,40.0,21.0,19.0,24.5,10.5,17.2,61.1,0.0,0.1,0.0,10.5,17.4,60.7,3.4,4.6,74.5,4.1,9.5,13.6,3.0,0.8,1.3,0.0,0.5,0.5,2.2,2.5,8.7,12.6,69.2,3.4,0.9,0.0
대구 한국가스공사,라건아,2016-2017,서울 삼성,35:56,35.93,54.0,34.0,20.0,23.6,10.0,15.4,65.3,0.0,0.1,0.0,10.0,15.4,65.1,3.5,4.6,75.9,4.7,8.5,13.2,2.4,0.7,1.2,0.0,0.7,0.8,2.3,2.5,8.6,12.0,71.2,3.8,0.9,0.0
대구 한국가스공사,라건아,2015-2016,서울 삼성,33:43,33.72,53.0,28.0,25.0,20.0,8.7,14.4,60.6,0.0,0.4,10.0,8.8,14.8,59.3,2.5,3.3,74.4,4.5,7.3,11.8,2.7,0.9,1.1,0.0,0.5,0.5,2.0,2.6,6.8,9.7,70.2,1.2,0.7,0.0
대구 한국가스공사,라건아,2014-2015,울산 모비스,28:52,28.87,54.0,39.0,15.0,20.1,8.8,13.3,65.9,0.0,0.1,0.0,8.8,13.4,65.6,2.6,3.6,71.1,3.3,6.6,10.0,1.7,0.7,1.7,0.0,0.4,0.4,1.8,3.0,7.5,10.4,71.8,4.9,0.5,0.0
대구 한국가스공사,라건아,2013-2014,울산 모비스,17:24,17.4,54.0,40.0,14.0,10.4,4.4,7.2,61.4,0.0,0.0,0.0,4.4,7.2,61.4,1.6,2.3,68.3,2.2,3.8,6.0,1.1,0.5,1.5,0.0,0.5,0.5,1.3,2.4,4.2,6.6,63.7,4.4,0.1,0.0
대구 한국가스공사,라건아,2012-2013,울산 모비스,23:48,23.8,54.0,41.0,13.0,15.1,6.5,10.1,64.2,0.0,0.0,0.0,6.5,10.1,64.1,2.1,3.1,68.6,3.6,5.1,8.7,1.5,0.6,1.2,0.0,0.5,0.5,1.6,2.4,6.0,8.9,67.8,6.9,0.4,0.0
부산 KCC,강태현,2025-2026,부산 KCC,1:46,1.77,1.0,1.0,0.0,0.0,0.0,0.0,0.0,0.0,0.0,0.0,0.0,0.0,0.0,0.0,2.0,0.0,0.0,0.0,0.0,0.0,1.0,0.0,0.0,0.0,0.0,0.0,0.0,0.0,0.0,0.0,1.0,0.0,0.0
부산 KCC,김동현,2025-2026,부산 KCC,17:13,17.22,50.0,24.0,26.0,3.8,0.5,1.0,53.1,0.8,2.2,37.8,1.4,3.2,42.5,0.2,0.3,66.7,0.2,1.4,1.7,0.7,0.6,0.0,0.2,0.0,0.0,0.3,1.8,0.4,0.6,69.0,-1.8,0.0,0.0
부산 KCC,김동현,2024-2025,부산 KCC,17:39,17.65,41.0,18.0,23.0,3.6,1.0,1.7,59.2,0.4,1.7,21.4,1.4,3.4,40.4,0.5,0.7,63.3,0.5,1.8,2.3,1.0,0.9,0.1,0.1,0.0,0.0,0.7,2.3,0.9,1.4,63.2,-2.3,0.0,0.0
부산 KCC,김동현,2023-2024,부산 KCC,5:55,5.92,15.0,6.0,9.0,1.8,0.2,0.7,30.0,0.4,1.3,31.6,0.6,1.9,31.0,0.2,0.2,100.0,0.1,0.5,0.5,0.2,0.2,0.0,0.1,0.0,0.0,0.4,0.9,0.1,0.5,28.6,0.7,0.0,0.0
부산 KCC,김동현,2022-2023,전주 KCC,11:09,11.15,18.0,8.0,10.0,2.9,0.4,1.2,36.4,0.4,1.4,28.0,0.8,2.6,31.9,0.9,0.9,94.1,0.1,1.1,1.2,0.4,0.6,0.0,0.2,0.0,0.0,0.7,1.4,0.4,0.9,43.8,-4.4,0.0,0.0
부산 KCC,김동현,2021-2022,전주 KCC,4:26,4.43,4.0,1.0,3.0,1.0,0.0,0.3,0.0,0.0,0.3,0.0,0.0,0.5,0.0,1.0,2.0,50.0,0.0,0.3,0.3,0.8,0.0,0.0,0.0,0.0,0.0,0.0,1.0,0.0,0.3,0.0,-1.2,0.0,0.0
부산 KCC,김윤성,2025-2026,부산 KCC,1:46,1.77,1.0,1.0,0.0,0.0,0.0,1.0,0.0,0.0,0.0,0.0,0.0,1.0,0.0,0.0,0.0,0.0,0.0,0.0,0.0,0.0,0.0,0.0,0.0,0.0,0.0,0.0,0.0,0.0,1.0,0.0,1.0,0.0,0.0
부산 KCC,김윤성,D리그,,,,,,,,,,,,,,,,,,,,,,,,,,,,,,,,,,,,
부산 KCC,김훈,2025-2026,부산 KCC,5:59,5.98,36.0,17.0,19.0,0.9,0.1,0.3,30.0,0.2,0.6,30.4,0.3,0.9,30.3,0.1,0.2,57.1,0.3,0.4,0.7,0.1,0.0,0.2,0.0,0.0,0.0,0.1,0.8,0.1,0.1,40.0,-0.9,0.0,0.0
부산 KCC,김훈,2024-2025,원주 DB,8:34,8.57,19.0,6.0,13.0,2.3,0.3,0.6,50.0,0.5,1.3,37.5,0.8,1.9,41.7,0.2,0.2,100.0,0.4,0.9,1.3,0.2,0.3,0.1,0.0,0.0,0.0,0.2,1.2,0.3,0.6,54.5,-0.2,0.0,0.0
부산 KCC,김훈,2023-2024,원주 DB,6:12,6.2,9.0,7.0,2.0,1.8,0.3,0.6,60.0,0.3,1.1,30.0,0.7,1.7,40.0,0.1,0.2,50.0,0.4,1.2,1.7,0.0,0.2,0.0,0.1,0.0,0.0,0.0,0.8,0.1,0.1,100.0,-1.1,0.0,0.0
부산 KCC,김훈,2021-2022,원주 DB,10:21,10.35,12.0,5.0,7.0,2.9,0.4,1.0,41.7,0.7,1.9,34.8,1.1,2.9,37.1,0.1,0.2,50.0,0.7,0.5,1.2,0.3,0.1,0.2,0.0,0.0,0.0,0.2,1.3,0.3,0.4,60.0,-0.6,0.0,0.0
부산 KCC,김훈,2020-2021,원주 DB,16:50,16.83,47.0,20.0,27.0,4.8,0.4,1.1,37.7,1.2,2.9,40.4,1.6,4.0,39.7,0.4,0.5,76.0,0.6,1.3,1.9,0.3,0.3,0.3,0.0,0.0,0.0,0.4,1.5,0.2,0.6,35.7,-0.1,0.0,0.0
부산 KCC,김훈,2019-2020,원주 DB,10:48,10.8,23.0,15.0,8.0,2.7,0.4,0.8,50.0,0.6,2.3,26.9,1.0,3.0,32.9,0.0,0.1,50.0,0.4,1.0,1.4,0.1,0.3,0.3,0.0,0.0,0.0,0.4,1.1,0.2,0.4,50.0,0.2,0.0,0.0
부산 KCC,서정현,2023-2024,부산 KCC,7:09,7.15,2.0,1.0,1.0,3.0,1.5,3.5,42.9,0.0,0.0,0.0,1.5,3.5,42.9,0.0,0.0,0.0,2.0,2.5,4.5,0.5,0.5,0.0,0.0,0.0,0.0,0.5,1.5,1.5,3.0,50.0,2.5,0.0,0.0
부산 KCC,서정현,2022-2023,전주 KCC,6:16,6.27,9.0,3.0,6.0,1.0,0.4,1.3,33.3,0.0,0.0,0.0,0.4,1.3,33.3,0.1,0.2,50.0,0.9,0.4,1.3,0.4,0.1,0.0,0.0,0.0,0.0,0.2,0.8,0.1,0.4,25.0,1.0,0.0,0.0
부산 KCC,서정현,2021-2022,전주 KCC,23:14,23.23,5.0,2.0,3.0,8.0,3.2,6.4,50.0,0.2,0.6,33.3,3.4,7.0,48.6,1.0,2.0,50.0,1.4,2.6,4.0,1.6,0.0,0.6,0.2,0.0,0.0,1.2,3.0,1.2,2.6,46.2,-1.4,0.0,0.0
부산 KCC,숀 롱,2025-2026,부산 KCC,30:40,30.67,54.0,28.0,26.0,19.5,7.7,12.4,62.1,0.4,1.1,38.3,8.1,13.5,60.1,2.9,4.4,64.4,5.4,7.1,12.5,2.5,0.8,0.7,0.0,2.0,2.2,2.5,2.2,5.4,9.3,58.1,0.4,0.8,0.0
부산 KCC,숀 롱,2024-2025,울산 현대모비스,19:52,19.87,53.0,32.0,21.0,15.1,5.8,9.3,62.0,0.2,0.5,41.4,6.0,9.8,60.8,2.9,4.6,64.5,3.2,4.1,7.3,2.0,0.5,0.8,0.0,1.2,1.3,2.0,1.9,5.6,8.7,64.2,0.4,0.3,0.0
부산 KCC,숀 롱,2020-2021,울산 현대모비스,27:20,27.33,54.0,32.0,22.0,21.3,8.2,14.9,54.9,0.5,1.4,37.2,8.7,16.4,53.3,3.3,5.1,64.8,3.9,6.9,10.8,2.0,1.0,0.9,0.1,1.5,1.7,2.5,2.4,7.7,13.5,57.2,-0.3,0.6,0.0
부산 KCC,윤기찬,2025-2026,부산 KCC,23:06,23.1,38.0,19.0,19.0,6.3,0.9,1.6,61.0,1.1,3.2,35.8,2.1,4.7,44.1,1.0,1.4,75.0,0.4,1.6,2.0,0.8,0.4,0.1,0.1,0.0,0.0,0.6,3.0,0.9,1.4,62.3,0.1,0.0,0.0
부산 KCC,이주영,2025-2026,부산 KCC,6:11,6.18,14.0,6.0,8.0,2.6,0.6,0.9,66.7,0.3,0.8,36.4,0.9,1.6,52.2,0.6,0.7,90.0,0.2,0.4,0.6,0.4,0.2,0.0,0.0,0.0,0.0,0.4,0.6,0.4,0.6,75.0,-1.1,0.0,0.0
부산 KCC,이주영,2024-2025,부산 KCC,7:41,7.68,30.0,10.0,20.0,2.1,0.8,1.2,69.4,0.1,0.8,16.0,1.0,2.0,47.5,0.1,0.1,100.0,0.2,0.2,0.4,0.7,0.3,0.0,0.0,0.0,0.0,0.4,0.8,0.5,0.8,66.7,0.0,0.0,0.0
부산 KCC,이주영,2023-2024,부산 KCC,3:13,3.22,8.0,7.0,1.0,1.8,0.5,1.3,40.0,0.3,0.9,28.6,0.8,2.1,35.3,0.0,0.0,0.0,0.0,0.3,0.3,0.1,0.3,0.0,0.0,0.0,0.0,0.3,0.1,0.4,0.8,50.0,-0.5,0.0,0.0
부산 KCC,이찬영,2024-2025,부산 KCC,3:19,3.32,7.0,3.0,4.0,0.9,0.4,0.9,50.0,0.0,0.3,0.0,0.4,1.1,37.5,0.0,0.1,0.0,0.3,0.0,0.3,0.3,0.3,0.0,0.0,0.0,0.0,0.1,0.0,0.4,0.9,50.0,-0.6,0.0,0.0
부산 KCC,이현호,2025-2026,부산 KCC,1:35,1.58,2.0,2.0,0.0,0.0,0.0,0.0,0.0,0.0,0.0,0.0,0.0,0.0,0.0,0.0,0.0,0.0,0.0,1.0,1.0,0.0,0.0,0.0,0.0,0.0,0.0,1.0,0.5,0.0,0.0,0.0,0.0,0.0,0.0
부산 KCC,이호현,2025-2026,부산 KCC,8:35,8.58,28.0,12.0,16.0,2.0,0.7,1.8,38.8,0.1,0.3,37.5,0.8,2.0,38.6,0.3,0.4,80.0,0.2,0.4,0.6,0.7,0.1,0.0,0.0,0.0,0.0,0.3,0.5,0.4,0.9,42.3,-0.9,0.0,0.0
부산 KCC,이호현,2024-2025,부산 KCC,21:10,21.17,54.0,18.0,36.0,8.1,2.6,4.6,56.0,0.6,1.4,45.9,3.2,6.0,53.7,1.0,1.2,83.6,0.3,2.0,2.3,2.9,0.7,0.0,0.0,0.0,0.0,1.4,1.7,2.2,3.7,57.9,-2.6,0.0,0.0
부산 KCC,이호현,2023-2024,부산 KCC,25:04,25.07,48.0,27.0,21.0,8.4,2.4,4.6,52.1,0.9,2.3,37.3,3.2,6.9,47.1,1.1,1.3,84.4,0.6,1.6,2.2,2.5,0.5,0.0,0.4,0.0,0.0,0.9,2.3,1.9,3.5,56.0,0.9,0.0,0.0
부산 KCC,이호현,2022-2023,서울 삼성,23:52,23.87,47.0,13.0,34.0,8.3,2.7,5.2,52.9,0.7,1.9,36.8,3.4,7.0,48.6,0.7,1.1,70.0,0.5,1.7,2.2,2.7,0.6,0.0,0.0,0.0,0.0,1.1,1.3,2.3,4.0,58.5,-3.0,0.0,0.0
부산 KCC,이호현,2021-2022,서울 삼성,10:56,10.93,28.0,2.0,26.0,4.1,1.5,3.1,47.7,0.2,0.9,23.1,1.7,4.0,42.0,0.6,0.7,80.0,0.3,1.0,1.3,1.8,0.4,0.0,0.0,0.0,0.0,0.8,0.6,1.0,2.1,48.3,-4.4,0.0,0.0
부산 KCC,이호현,2020-2021,서울 삼성,13:37,13.62,33.0,14.0,19.0,3.6,1.2,2.4,51.3,0.3,1.1,28.6,1.5,3.4,44.2,0.3,0.4,75.0,0.5,0.8,1.3,1.5,0.4,0.0,0.1,0.0,0.0,1.0,1.1,1.0,1.8,52.5,-1.9,0.0,0.0
부산 KCC,이호현,2017-2018,서울 삼성,8:59,8.98,25.0,10.0,15.0,1.8,0.6,1.4,41.2,0.2,0.6,33.3,0.8,2.0,38.8,0.1,0.4,33.3,0.2,0.6,0.8,0.8,0.2,0.0,0.0,0.0,0.0,0.8,0.9,0.5,1.0,46.2,-1.6,0.0,0.0
부산 KCC,이호현,2016-2017,서울 삼성,9:03,9.05,3.0,3.0,0.0,1.3,0.7,1.7,40.0,0.0,0.3,0.0,0.7,2.0,33.3,0.0,0.3,0.0,0.3,0.0,0.3,0.3,0.3,0.0,0.0,0.0,0.0,0.3,0.3,0.7,1.0,66.7,-4.0,0.0,0.0
부산 KCC,이호현,2015-2016,서울 삼성,9:52,9.87,43.0,23.0,20.0,1.6,0.6,1.3,41.4,0.0,0.4,10.5,0.6,1.8,33.8,0.4,0.5,80.0,0.1,0.6,0.7,1.7,0.5,0.1,0.0,0.0,0.0,0.9,0.6,0.5,1.1,44.7,-1.0,0.0,0.0
부산 KCC,이호현,2014-2015,서울 삼성,26:22,26.37,20.0,3.0,17.0,5.7,1.9,4.2,45.2,0.6,1.7,32.4,2.5,5.9,41.5,0.3,0.5,55.6,0.8,0.7,1.5,3.0,0.7,0.1,0.0,0.0,0.0,2.0,1.3,1.8,3.4,53.7,-9.9,0.0,0.0
부산 KCC,이호현,2014-2015,고양 오리온스,5:58,5.97,12.0,8.0,4.0,1.3,0.6,1.3,46.7,0.0,0.4,0.0,0.6,1.7,35.0,0.1,0.2,50.0,0.0,0.5,0.5,0.9,0.3,0.0,0.0,0.0,0.0,0.4,0.3,0.4,1.0,41.7,1.8,0.0,0.0
부산 KCC,장재석,2025-2026,부산 KCC,18:33,18.55,49.0,24.0,25.0,6.0,2.5,5.4,46.1,0.0,0.1,0.0,2.5,5.5,45.6,1.0,1.7,57.3,1.7,3.1,4.8,1.5,0.4,0.7,0.0,0.3,0.3,1.1,2.2,2.0,4.3,46.5,0.1,0.1,0.0
부산 KCC,장재석,2024-2025,울산 현대모비스,13:18,13.3,50.0,33.0,17.0,4.9,2.1,3.9,54.9,0.0,0.0,0.0,2.1,3.9,54.6,0.6,1.2,50.8,1.4,1.7,3.0,1.5,0.5,0.4,0.0,0.3,0.3,0.8,1.9,1.9,3.4,56.1,1.2,0.0,0.0
부산 KCC,장재석,2023-2024,울산 현대모비스,13:40,13.67,50.0,25.0,25.0,5.5,2.3,4.2,54.8,0.0,0.0,50.0,2.3,4.2,54.7,0.9,1.5,59.5,1.2,1.8,3.0,1.4,0.6,0.4,0.0,0.1,0.1,0.7,2.2,2.0,3.6,56.2,0.7,0.0,0.0
부산 KCC,장재석,2022-2023,울산 현대모비스,15:57,15.95,44.0,26.0,18.0,7.1,3.0,5.6,54.7,0.0,0.0,0.0,3.0,5.6,54.5,1.0,1.8,56.4,1.9,2.0,3.8,1.3,0.8,0.5,0.0,0.2,0.2,1.1,2.3,2.9,5.0,57.7,1.4,0.0,0.0
부산 KCC,장재석,2021-2022,울산 현대모비스,14:55,14.92,51.0,28.0,23.0,6.8,2.8,5.7,48.8,0.0,0.0,0.0,2.8,5.7,48.8,1.2,2.0,58.7,1.4,2.4,3.8,1.0,0.6,0.6,0.0,0.0,0.0,0.9,2.3,2.4,4.7,50.8,-0.2,0.0,0.0
부산 KCC,장재석,2020-2021,울산 현대모비스,17:59,17.98,54.0,32.0,22.0,9.1,3.8,6.7,56.3,0.0,0.2,10.0,3.8,6.9,55.1,1.5,2.3,64.3,1.7,2.7,4.4,1.6,0.8,0.6,0.0,0.1,0.1,0.9,2.4,3.4,5.6,60.1,2.7,0.0,0.0
부산 KCC,장재석,2019-2020,고양 오리온,18:51,18.85,42.0,13.0,29.0,8.0,3.4,6.4,53.7,0.0,0.0,0.0,3.4,6.4,53.7,1.2,2.0,58.1,2.1,2.6,4.7,1.4,1.0,0.7,0.1,0.2,0.2,1.1,2.3,3.2,5.8,54.3,-0.5,0.0,0.0
부산 KCC,장재석,2016-2017,고양 오리온,14:48,14.8,53.0,35.0,18.0,6.2,2.5,4.9,52.1,0.0,0.0,50.0,2.6,4.9,52.1,1.1,1.7,61.5,1.4,1.4,2.8,1.0,0.6,0.7,0.0,0.2,0.2,0.7,2.7,2.4,4.3,55.7,-1.8,0.0,0.0
부산 KCC,장재석,2015-2016,고양 오리온,17:50,17.83,34.0,15.0,19.0,7.5,3.3,6.4,51.4,0.0,0.0,100.0,3.3,6.4,51.6,0.8,1.8,43.5,1.7,2.0,3.7,0.8,0.9,0.9,0.0,0.2,0.2,0.8,2.8,3.1,5.2,58.4,-1.0,0.0,0.0
부산 KCC,장재석,2014-2015,고양 오리온스,15:37,15.62,54.0,31.0,23.0,5.4,2.2,4.7,47.6,0.0,0.0,0.0,2.2,4.7,47.2,0.9,1.3,75.0,1.0,2.1,3.2,0.8,0.6,0.5,0.0,0.1,0.1,0.9,2.3,1.8,3.4,54.7,1.1,0.0,0.0
부산 KCC,장재석,2013-2014,고양 오리온스,21:34,21.57,27.0,16.0,11.0,6.7,2.7,6.0,44.4,0.0,0.0,0.0,2.7,6.0,44.2,1.3,1.7,78.3,1.4,2.8,4.2,1.0,0.6,1.0,0.1,0.4,0.5,1.4,2.2,2.3,4.5,51.2,0.9,0.0,0.0
부산 KCC,장재석,2013-2014,부산 KT,16:25,16.42,23.0,12.0,11.0,3.6,1.3,3.3,40.8,0.0,0.0,0.0,1.3,3.3,40.8,0.9,1.2,75.0,1.3,1.5,2.9,1.2,0.5,0.4,0.1,0.2,0.2,0.7,2.6,1.2,2.6,45.0,1.3,0.0,0.0
부산 KCC,장재석,2012-2013,부산 KT,15:35,15.58,35.0,15.0,20.0,5.3,2.1,4.3,50.0,0.0,0.0,0.0,2.1,4.3,50.0,1.0,1.8,55.6,1.4,1.6,3.1,0.7,0.9,0.6,0.0,0.2,0.2,1.0,2.1,1.8,3.5,50.4,1.9,0.0,0.0
부산 KCC,최준용,2025-2026,부산 KCC,24:37,24.62,22.0,12.0,10.0,11.5,3.0,5.7,53.2,1.3,4.2,31.2,4.4,10.0,43.8,1.5,2.5,61.1,0.9,4.5,5.4,2.9,0.5,1.1,0.0,0.0,0.0,2.2,2.9,2.4,4.0,60.9,-0.3,0.0,0.0
부산 KCC,최준용,2024-2025,부산 KCC,27:21,27.35,17.0,6.0,11.0,14.4,3.5,7.2,48.4,1.5,5.3,27.8,4.9,12.5,39.6,3.0,4.2,70.8,1.8,5.1,6.8,3.8,0.5,1.4,0.1,0.1,0.1,2.2,1.8,3.4,6.4,52.8,1.5,0.2,0.0
부산 KCC,최준용,2023-2024,부산 KCC,29:59,29.98,35.0,21.0,14.0,14.0,3.8,8.2,46.0,1.3,4.7,28.0,5.1,12.9,39.5,2.5,3.9,64.5,1.0,5.3,6.3,4.1,0.6,1.1,0.1,0.2,0.2,2.0,2.3,2.7,5.4,51.1,2.6,0.1,0.0
부산 KCC,최준용,2022-2023,서울 SK,32:25,32.42,26.0,19.0,7.0,12.7,3.1,6.4,48.2,1.5,4.8,30.4,4.5,11.2,40.5,2.2,3.8,58.2,1.0,4.9,5.9,3.8,0.8,0.7,0.0,0.0,0.0,1.8,2.7,2.5,4.4,57.0,5.2,0.0,0.0
부산 KCC,최준용,2021-2022,서울 SK,28:12,28.2,54.0,40.0,14.0,16.0,4.2,8.1,51.4,1.6,4.6,35.2,5.8,12.7,45.5,2.8,4.0,71.0,1.2,4.6,5.8,3.5,0.8,1.1,0.0,0.3,0.3,2.4,2.4,3.4,5.9,58.9,6.0,0.1,0.0
부산 KCC,최준용,2020-2021,서울 SK,28:00,28.0,14.0,5.0,9.0,8.1,2.5,4.4,57.4,0.6,3.9,16.4,3.1,8.3,37.9,1.1,2.1,53.3,1.9,5.3,7.2,2.7,0.6,1.7,0.1,0.1,0.1,1.6,2.4,2.1,3.6,58.0,-4.1,0.1,0.0
부산 KCC,최준용,2019-2020,서울 SK,34:26,34.43,38.0,23.0,15.0,11.8,2.1,4.6,45.1,1.9,5.5,35.4,4.0,10.1,39.8,1.8,2.7,67.3,1.2,4.8,6.0,3.4,0.9,0.8,0.1,0.3,0.3,1.7,2.2,1.6,3.1,51.7,3.7,0.1,0.0
부산 KCC,최준용,2018-2019,서울 SK,28:53,28.88,32.0,11.0,21.0,7.3,1.7,3.8,43.8,0.9,2.8,33.3,2.6,6.6,39.3,1.2,1.8,67.9,1.8,4.1,6.0,2.6,0.5,1.3,0.1,0.1,0.1,1.7,2.9,1.4,3.0,46.9,-5.5,0.0,0.0
부산 KCC,최준용,2017-2018,서울 SK,28:20,28.33,46.0,31.0,15.0,9.0,2.6,4.8,54.1,0.9,2.9,30.8,3.5,7.7,45.3,1.2,2.3,51.0,2.0,3.1,5.1,3.4,0.7,1.2,0.2,0.2,0.2,1.8,2.8,2.5,4.1,60.5,2.0,0.0,0.0
부산 KCC,최준용,2016-2017,서울 SK,29:48,29.8,45.0,20.0,25.0,8.2,2.3,5.2,44.1,0.5,2.4,22.6,2.8,7.6,37.4,2.0,2.8,70.1,2.4,4.8,7.2,2.4,0.9,1.1,0.0,0.1,0.2,1.6,2.8,2.0,4.0,49.2,-0.2,0.1,0.0
부산 KCC,최진광,2025-2026,부산 KCC,16:38,16.63,52.0,27.0,25.0,3.3,0.5,1.2,40.0,0.7,2.0,34.3,1.2,3.2,36.4,0.3,0.4,75.0,0.3,1.0,1.3,2.0,0.6,0.0,0.1,0.0,0.0,1.1,1.8,0.3,0.7,45.7,-0.8,0.0,0.0
부산 KCC,최진광,2024-2025,수원 KT,9:52,9.87,23.0,13.0,10.0,3.5,0.8,1.9,41.9,0.6,2.1,26.5,1.3,4.0,33.7,0.2,0.3,62.5,0.1,0.3,0.5,1.3,0.2,0.0,0.0,0.0,0.0,1.0,1.0,0.6,1.1,52.0,-2.0,0.0,0.0
부산 KCC,최진광,2023-2024,수원 KT,7:09,7.15,3.0,1.0,2.0,1.0,0.0,0.3,0.0,0.3,0.7,50.0,0.3,1.0,33.3,0.0,0.0,0.0,0.0,0.0,0.0,1.0,0.0,0.0,0.0,0.0,0.0,0.3,2.0,0.0,0.3,0.0,0.3,0.0,0.0
부산 KCC,최진광,2020-2021,부산 KT,9:41,9.68,24.0,13.0,11.0,2.2,0.3,0.9,27.3,0.5,1.3,38.7,0.8,2.2,34.0,0.2,0.2,100.0,0.2,0.5,0.7,1.1,0.5,0.0,0.0,0.0,0.0,0.7,1.2,0.2,0.7,25.0,-2.1,0.0,0.0
부산 KCC,최진광,2019-2020,부산 KT,8:16,8.27,9.0,3.0,6.0,1.4,0.3,0.6,60.0,0.1,1.0,11.1,0.4,1.6,28.6,0.4,0.7,66.7,0.1,0.4,0.6,0.8,0.7,0.0,0.0,0.0,0.0,0.8,1.2,0.2,0.3,66.7,-4.1,0.0,0.0
부산 KCC,허웅,2025-2026,부산 KCC,30:55,30.92,45.0,27.0,18.0,16.4,2.7,5.6,48.0,2.8,7.7,36.3,5.5,13.3,41.2,2.7,3.1,87.1,0.4,2.2,2.6,3.2,0.8,0.0,0.3,0.0,0.0,2.4,2.2,2.1,3.6,57.4,1.5,0.0,0.0
부산 KCC,허웅,2024-2025,부산 KCC,28:31,28.52,39.0,11.0,28.0,14.3,2.7,5.2,52.7,2.3,6.6,35.0,5.1,11.8,42.8,1.9,2.1,90.1,0.2,1.6,1.8,3.9,0.8,0.0,0.1,0.0,0.0,2.1,1.9,2.3,4.1,56.3,-3.7,0.0,0.0
부산 KCC,허웅,2023-2024,부산 KCC,31:12,31.2,52.0,29.0,23.0,15.9,2.6,5.5,46.8,2.6,7.4,35.4,5.2,12.8,40.3,2.9,3.4,85.8,0.2,1.6,1.8,3.7,0.5,0.0,0.3,0.0,0.0,1.8,2.2,2.1,4.3,49.3,2.1,0.0,0.0
부산 KCC,허웅,2022-2023,전주 KCC,29:41,29.68,40.0,18.0,22.0,15.7,2.9,5.9,48.9,2.3,6.0,37.7,5.1,11.9,43.2,3.2,3.8,84.7,0.2,2.4,2.6,4.3,1.1,0.0,0.1,0.0,0.0,2.2,1.8,2.4,4.6,51.9,1.4,0.0,0.0
부산 KCC,허웅,2021-2022,원주 DB,30:20,30.33,54.0,23.0,31.0,16.7,3.6,6.3,56.5,2.1,6.1,35.5,5.7,12.4,46.2,3.1,3.7,85.9,0.5,2.2,2.7,4.2,0.8,0.1,0.1,0.0,0.0,2.0,1.7,2.7,4.2,64.8,1.9,0.0,0.0
부산 KCC,허웅,2020-2021,원주 DB,26:14,26.23,54.0,24.0,30.0,11.1,2.3,5.1,44.4,1.7,4.5,38.8,4.0,9.6,41.8,1.4,1.7,80.4,0.5,2.2,2.8,2.9,1.0,0.1,0.0,0.0,0.0,1.5,1.5,1.8,3.3,55.6,-0.4,0.0,0.0
부산 KCC,허웅,2019-2020,원주 DB,25:43,25.72,29.0,18.0,11.0,13.7,2.6,4.9,52.5,2.3,6.2,38.0,4.9,11.0,44.4,1.6,1.8,84.9,0.6,1.9,2.4,1.4,1.0,0.0,0.1,0.0,0.0,1.4,1.7,1.9,3.0,61.4,5.0,0.0,0.0
부산 KCC,허웅,2018-2019,원주 DB,28:54,28.9,15.0,6.0,9.0,11.5,2.7,5.7,47.1,1.5,4.7,31.0,4.1,10.4,39.7,1.8,2.1,84.4,0.5,2.1,2.7,3.4,1.2,0.1,0.1,0.0,0.0,1.5,1.9,2.1,3.5,58.5,-3.2,0.0,0.0
부산 KCC,허웅,2016-2017,원주 동부,33:43,33.72,54.0,26.0,28.0,11.8,2.7,5.6,48.5,1.5,4.1,37.0,4.2,9.7,43.7,1.9,2.2,82.6,0.7,1.9,2.6,3.7,1.1,0.1,0.0,0.0,0.0,2.0,1.9,1.9,3.4,55.2,1.3,0.0,0.0
부산 KCC,허웅,2015-2016,원주 동부,31:54,31.9,54.0,26.0,28.0,12.1,2.9,5.4,53.2,1.4,3.5,39.3,4.3,9.0,47.7,2.1,2.4,88.5,0.5,1.5,2.0,2.9,1.0,0.0,0.0,0.0,0.0,1.7,2.2,1.7,3.0,58.4,0.1,0.0,0.0
부산 KCC,허웅,2014-2015,원주 동부,16:42,16.7,41.0,29.0,12.0,4.8,1.2,2.7,45.0,0.5,1.5,30.2,1.7,4.2,39.7,1.0,1.3,75.5,0.5,0.7,1.2,1.5,0.6,0.0,0.0,0.0,0.0,1.2,1.3,0.9,1.6,54.5,-0.7,0.0,0.0
부산 KCC,허훈,2025-2026,부산 KCC,29:17,29.28,40.0,21.0,19.0,13.1,3.1,6.5,46.7,1.6,4.6,34.4,4.6,11.1,41.7,2.3,2.9,78.3,0.8,2.1,2.9,6.9,1.2,0.1,0.3,0.0,0.0,3.1,1.7,2.6,4.9,51.8,-1.6,0.1,0.0
부산 KCC,허훈,2024-2025,수원 KT,31:00,31.0,41.0,25.0,15.0,13.8,3.1,7.4,41.9,2.2,6.8,31.8,5.3,14.2,37.0,1.0,1.6,65.2,0.6,2.0,2.5,6.2,1.1,0.1,0.2,0.0,0.0,2.8,1.6,2.0,4.1,47.9,2.3,0.1,0.0
부산 KCC,허훈,2023-2024,수원 KT,25:28,25.47,27.0,14.0,13.0,15.1,2.7,5.6,48.7,2.6,6.7,38.5,5.3,12.4,43.1,1.8,2.6,70.0,0.7,1.4,2.1,3.6,1.1,0.2,0.1,0.0,0.0,2.0,1.7,2.1,4.2,51.3,3.7,0.0,0.0
부산 KCC,허훈,2023-2024,수원 KT,25:28,25.47,27.0,14.0,13.0,15.1,2.7,5.6,48.7,2.6,6.7,38.5,5.3,12.4,43.1,1.8,2.6,70.0,0.7,1.4,2.1,3.6,1.1,0.2,0.1,0.0,0.0,2.0,1.7,2.1,4.2,51.3,3.7,0.0,0.0
부산 KCC,허훈,2021-2022,수원 KT,29:14,29.23,40.0,29.0,11.0,15.0,3.1,6.2,50.0,2.1,5.4,38.4,5.2,11.6,44.6,2.6,3.2,81.1,0.7,1.7,2.4,5.2,1.1,0.1,0.3,0.0,0.0,2.6,1.8,2.0,3.5,56.7,4.6,0.0,0.0
부산 KCC,허훈,2020-2021,부산 KT,33:07,33.12,51.0,24.0,27.0,15.6,3.9,7.6,51.5,2.0,5.8,34.5,5.9,13.4,44.2,1.8,2.7,66.9,0.5,2.2,2.7,7.5,1.5,0.1,0.2,0.0,0.0,2.6,1.6,2.6,5.0,51.8,1.6,0.2,0.0
부산 KCC,허훈,2019-2020,부산 KT,31:21,31.35,35.0,20.0,15.0,14.9,3.5,7.3,48.0,2.0,5.7,35.2,5.5,12.9,42.4,2.0,2.5,77.5,0.8,1.8,2.6,7.2,1.2,0.1,0.2,0.0,0.0,2.7,1.5,2.3,4.6,50.3,1.2,0.1,0.0
부산 KCC,허훈,2018-2019,부산 KT,28:40,28.67,30.0,14.0,16.0,11.3,2.5,5.1,48.4,1.6,4.4,35.9,4.0,9.5,42.6,1.6,2.5,66.2,0.9,1.4,2.3,4.1,1.1,0.1,0.1,0.0,0.0,2.1,1.8,1.8,3.3,53.0,-0.1,0.0,0.0
부산 KCC,허훈,2017-2018,부산 KT,26:40,26.67,32.0,5.0,27.0,10.6,3.2,6.0,52.8,0.9,3.1,28.3,4.1,9.1,44.5,1.6,1.8,89.5,0.8,1.2,2.0,4.3,1.3,0.1,0.1,0.0,0.0,1.8,2.1,2.1,3.6,59.6,-5.2,0.0,0.0
부산 KCC,윌리엄 나바로,2025-2026,부산 KCC,13:00,13.0,42.0,21.0,21.0,5.2,1.9,3.5,52.7,0.2,1.0,22.0,2.1,4.5,46.0,0.8,1.2,66.7,0.7,1.8,2.5,1.1,0.4,0.4,0.0,0.1,0.1,0.8,1.4,1.5,2.7,56.6,-0.6,0.0,0.0
서울 SK,김낙현,2025-2026,서울 SK,29:42,29.7,40.0,23.0,17.0,11.2,1.8,3.4,52.6,2.1,4.8,44.3,3.9,8.2,47.7,1.3,1.6,81.3,0.8,1.5,2.4,4.1,1.0,0.1,0.3,0.0,0.0,1.6,2.1,1.4,2.2,62.8,4.6,0.0,0.0
서울 SK,김낙현,2024-2025,대구 한국가스공사,22:29,22.48,45.0,25.0,20.0,9.0,1.5,3.4,42.6,1.8,5.4,33.1,3.3,8.9,36.8,0.7,0.8,86.5,0.4,1.2,1.6,3.0,0.7,0.1,0.1,0.0,0.0,1.4,1.7,1.2,2.4,49.1,1.5,0.0,0.0
서울 SK,김낙현,2023-2024,대구 한국가스공사,22:25,22.42,33.0,15.0,18.0,10.6,1.9,3.8,50.8,1.8,5.1,34.9,3.7,8.9,41.7,1.4,1.7,82.1,0.6,1.5,2.1,3.1,0.8,0.0,0.1,0.0,0.0,1.2,2.0,1.4,2.5,55.4,0.0,0.0,0.0
서울 SK,김낙현,2021-2022,대구 한국가스공사,30:26,30.43,53.0,26.0,27.0,13.2,2.6,4.9,52.9,2.1,5.8,36.5,4.7,10.7,44.0,1.7,2.1,82.1,0.5,1.9,2.4,5.7,0.8,0.0,0.1,0.0,0.0,1.8,1.9,1.9,3.2,60.4,-0.6,0.1,0.0
서울 SK,김낙현,2020-2021,인천 전자랜드,28:26,28.43,52.0,27.0,25.0,14.2,2.6,5.3,49.8,2.5,6.2,40.1,5.1,11.5,44.6,1.5,1.7,85.6,0.5,2.1,2.6,4.8,1.3,0.1,0.1,0.0,0.0,2.1,1.8,1.8,3.5,51.6,3.4,0.0,0.0
서울 SK,김낙현,2019-2020,인천 전자랜드,28:40,28.67,40.0,21.0,19.0,12.2,2.2,4.0,54.7,2.2,6.0,37.0,4.4,9.9,44.1,1.2,1.5,83.1,0.6,1.9,2.5,3.4,1.1,0.1,0.2,0.0,0.0,1.0,2.1,1.6,2.7,60.7,1.9,0.0,0.0
서울 SK,김낙현,2018-2019,인천 전자랜드,19:10,19.17,54.0,35.0,19.0,7.6,1.2,2.9,41.9,1.3,3.3,39.7,2.5,6.2,40.7,1.3,1.6,78.4,0.4,1.0,1.5,2.5,0.7,0.1,0.1,0.0,0.0,0.9,1.5,0.8,1.6,47.7,3.1,0.0,0.0
서울 SK,김낙현,2017-2018,인천 전자랜드,12:07,12.12,27.0,15.0,12.0,5.0,1.1,2.0,53.7,0.7,2.0,37.7,1.8,4.0,45.8,0.6,0.7,89.5,0.3,0.6,0.9,1.1,0.3,0.0,0.0,0.0,0.0,0.6,1.2,0.6,1.1,54.8,-0.4,0.0,0.0
서울 SK,김명진,2025-2026,서울 SK,9:57,9.95,6.0,4.0,2.0,2.3,0.7,1.2,57.1,0.2,1.7,10.0,0.8,2.8,29.4,0.5,1.7,30.0,0.2,1.2,1.3,0.3,0.2,0.3,0.0,0.2,0.2,0.2,1.5,0.3,0.7,50.0,-2.0,0.0,0.0
서울 SK,김형빈,2025-2026,서울 SK,17:50,17.83,51.0,30.0,21.0,5.3,1.0,1.7,56.2,0.9,2.6,34.1,1.9,4.3,43.0,0.6,0.9,75.0,0.8,2.2,3.0,0.6,0.4,0.2,0.3,0.0,0.0,0.5,1.7,0.7,1.3,56.9,0.6,0.0,0.0
서울 SK,김형빈,2024-2025,서울 SK,12:35,12.58,36.0,25.0,11.0,3.1,0.6,1.1,52.6,0.5,1.5,31.5,1.0,2.6,40.2,0.5,0.6,82.6,0.6,1.2,1.7,0.3,0.4,0.3,0.1,0.0,0.0,0.2,1.4,0.5,0.8,65.5,2.0,0.0,0.0
서울 SK,김형빈,2023-2024,서울 SK,8:19,8.32,23.0,10.0,13.0,3.7,0.8,1.7,50.0,0.4,1.2,37.0,1.3,2.8,44.6,0.7,0.9,80.0,0.3,1.3,1.5,0.2,0.1,0.2,0.1,0.0,0.0,0.2,1.1,0.6,1.1,56.0,-0.7,0.0,0.0
서울 SK,김형빈,2022-2023,서울 SK,8:55,8.92,26.0,18.0,8.0,2.6,1.0,2.3,45.0,0.0,0.4,10.0,1.1,2.7,40.0,0.4,0.5,84.6,0.7,1.3,2.0,0.1,0.2,0.2,0.0,0.0,0.0,0.2,1.7,0.6,0.9,66.7,-1.9,0.0,0.0
서울 SK,김형빈,2021-2022,서울 SK,2:36,2.6,3.0,2.0,1.0,0.0,0.0,0.0,0.0,0.0,0.0,0.0,0.0,0.0,0.0,0.0,0.0,0.0,0.0,0.0,0.0,0.0,0.0,0.0,0.0,0.0,0.0,0.0,0.7,0.0,0.0,0.0,-1.7,0.0,0.0
서울 SK,김형빈,2020-2021,서울 SK,10:27,10.45,11.0,3.0,8.0,1.9,0.5,1.9,28.6,0.3,1.0,27.3,0.8,2.9,28.1,0.0,0.0,0.0,1.1,1.2,2.3,0.4,0.3,0.1,0.0,0.0,0.0,0.5,1.2,0.5,1.1,50.0,-2.4,0.0,0.0
서울 SK,선상혁,2024-2025,서울 SK,3:04,3.07,2.0,2.0,0.0,3.0,1.5,1.5,100.0,0.0,0.0,0.0,1.5,1.5,100.0,0.0,0.0,0.0,0.0,0.5,0.5,0.0,0.0,0.0,0.0,0.0,0.0,0.0,0.5,1.5,1.5,100.0,2.0,0.0,0.0
서울 SK,선상혁,2023-2024,서울 SK,4:30,4.5,1.0,0.0,1.0,4.0,2.0,2.0,100.0,0.0,0.0,0.0,2.0,2.0,100.0,0.0,0.0,0.0,0.0,2.0,2.0,0.0,0.0,0.0,0.0,0.0,0.0,0.0,2.0,2.0,2.0,100.0,5.0,0.0,0.0
서울 SK,선상혁,2022-2023,서울 SK,8:16,8.27,8.0,6.0,2.0,1.3,0.6,1.5,41.7,0.0,0.0,0.0,0.6,1.5,41.7,0.0,0.0,0.0,0.6,1.1,1.8,0.0,0.0,0.0,0.0,0.0,0.0,0.3,1.8,0.4,0.9,42.9,-1.2,0.0,0.0
서울 SK,선상혁,2021-2022,서울 SK,6:39,6.65,5.0,4.0,1.0,2.6,1.0,2.6,38.5,0.0,0.0,0.0,1.0,2.6,38.5,0.6,0.8,75.0,0.6,1.6,2.2,0.2,0.0,0.0,0.0,0.0,0.2,1.0,0.0,0.8,2.0,40.0,-3.2,0.0,0.0
서울 SK,안성우,2025-2026,서울 SK,8:10,8.17,26.0,14.0,12.0,1.7,0.3,0.8,33.3,0.3,0.9,33.3,0.6,1.7,33.3,0.3,0.4,70.0,0.3,0.4,0.7,0.4,0.2,0.0,0.1,0.0,0.0,0.3,1.3,0.2,0.4,36.4,0.1,0.0,0.0
서울 SK,안영준,2025-2026,서울 SK,32:40,32.67,37.0,22.0,15.0,14.9,3.8,7.1,52.7,1.6,4.6,34.7,5.4,11.7,45.6,2.6,3.3,77.2,1.6,3.9,5.6,2.5,1.3,0.5,0.1,0.0,0.0,2.1,2.5,3.4,6.0,56.3,3.1,0.1,0.0
서울 SK,안영준,2024-2025,서울 SK,33:25,33.42,52.0,39.0,13.0,14.2,3.2,5.7,56.8,1.9,5.4,34.9,5.1,11.1,46.1,2.1,3.1,68.5,1.3,4.6,5.9,2.7,1.4,0.7,0.1,0.1,0.1,2.2,2.3,3.0,4.9,61.1,5.4,0.1,0.0
서울 SK,안영준,2023-2024,서울 SK,32:33,32.55,31.0,21.0,10.0,12.4,2.4,5.2,46.9,1.9,5.2,37.0,4.4,10.4,41.9,1.7,2.6,66.3,0.9,4.0,4.9,2.0,1.4,0.6,0.0,0.0,0.0,1.8,2.2,2.2,3.8,57.3,5.2,0.0,0.0
서울 SK,안영준,2021-2022,서울 SK,29:39,29.65,54.0,40.0,14.0,14.5,3.6,7.2,50.3,1.8,4.7,39.1,5.5,11.9,45.9,1.8,2.5,70.9,1.4,3.4,4.7,2.2,1.4,0.4,0.1,0.1,0.1,1.6,2.0,3.2,5.9,54.7,4.8,0.0,0.0
서울 SK,안영준,2020-2021,서울 SK,33:11,33.18,40.0,20.0,20.0,11.2,2.9,5.8,50.2,1.3,3.9,33.1,4.2,9.7,43.4,1.5,2.1,73.2,1.8,3.9,5.6,1.8,1.2,0.4,0.1,0.0,0.0,1.4,2.3,2.8,5.1,54.7,-0.6,0.1,0.0
서울 SK,안영준,2019-2020,서울 SK,28:09,28.15,39.0,27.0,12.0,9.1,2.4,4.1,59.5,1.1,3.5,32.1,3.5,7.6,46.8,0.9,1.7,52.9,1.1,3.2,4.3,1.8,1.3,0.2,0.1,0.0,0.1,1.2,2.2,2.3,3.5,64.2,4.9,0.0,0.0
서울 SK,안영준,2018-2019,서울 SK,29:50,29.83,39.0,18.0,21.0,10.1,2.3,5.1,44.5,1.4,4.1,35.2,3.7,9.2,40.4,1.2,1.8,67.1,1.3,2.5,3.7,1.0,0.8,0.6,0.1,0.0,0.1,1.3,2.6,2.0,3.8,51.3,0.8,0.0,0.0
서울 SK,안영준,2017-2018,서울 SK,22:27,22.45,42.0,27.0,15.0,7.1,2.0,4.1,47.1,0.7,2.0,35.4,2.6,6.1,43.4,1.1,1.4,78.3,1.6,2.1,3.7,0.8,0.8,0.5,0.0,0.0,0.0,1.0,2.6,1.7,3.4,50.7,1.5,0.0,0.0
서울 SK,알빈 톨렌티노,2025-2026,서울 SK,20:56,20.93,50.0,31.0,19.0,11.0,2.2,4.2,52.6,1.4,3.5,39.4,3.6,7.7,46.6,2.5,3.3,76.7,0.4,2.4,2.8,0.9,0.5,0.2,0.1,0.0,0.1,1.4,1.7,1.7,3.0,56.7,2.7,0.0,0.0
서울 SK,에디 다니엘,2025-2026,서울 SK,22:25,22.42,30.0,19.0,11.0,7.2,2.6,4.2,61.9,0.4,1.9,23.2,3.0,6.1,50.0,0.7,1.2,55.6,1.7,1.8,3.5,0.7,0.8,0.3,0.2,0.1,0.2,1.0,2.9,2.3,3.6,64.2,-0.4,0.0,0.0
서울 SK,오세근,2025-2026,서울 SK,13:33,13.55,42.0,27.0,15.0,4.5,0.6,1.3,48.2,1.0,2.3,41.7,1.6,3.6,44.1,0.3,0.4,86.7,0.5,1.7,2.2,0.5,0.3,0.2,0.0,0.0,0.0,0.2,1.3,0.5,0.9,59.5,1.2,0.0,0.0
서울 SK,오세근,2024-2025,서울 SK,18:54,18.9,54.0,41.0,13.0,6.1,1.4,3.1,47.0,0.9,2.9,32.1,2.4,6.0,39.7,0.4,0.5,65.5,0.7,2.5,3.3,0.9,0.4,0.1,0.0,0.0,0.0,0.3,1.5,0.9,1.7,54.9,2.1,0.0,0.0
서울 SK,오세근,2023-2024,서울 SK,22:03,22.05,54.0,31.0,23.0,8.5,2.9,6.0,48.4,0.5,1.9,23.8,3.4,7.9,42.4,1.3,1.6,78.7,1.4,3.6,4.9,1.3,0.7,0.3,0.1,0.0,0.0,0.6,2.0,2.3,4.0,56.0,1.6,0.0,0.0
서울 SK,오세근,2022-2023,안양 KGC,27:21,27.35,52.0,36.0,16.0,13.1,4.5,8.6,52.7,0.7,1.8,40.0,5.3,10.4,50.5,1.9,2.6,73.1,1.6,4.8,6.4,2.2,0.6,0.4,0.0,0.0,0.0,1.1,1.8,3.5,6.0,58.7,4.3,0.1,0.0
서울 SK,오세근,2021-2022,안양 KGC,28:14,28.23,53.0,32.0,21.0,14.2,5.5,9.4,58.6,0.4,1.1,32.2,5.9,10.5,55.8,2.1,2.8,74.8,1.8,3.8,5.6,2.2,0.6,0.4,0.1,0.0,0.0,1.1,2.3,4.2,6.3,66.2,4.4,0.1,0.0
서울 SK,오세근,2020-2021,안양 KGC,23:07,23.12,48.0,26.0,22.0,10.0,4.5,8.0,56.7,0.0,0.2,10.0,4.5,8.2,55.5,0.9,1.4,65.7,1.6,3.0,4.6,1.4,0.9,0.4,0.0,0.0,0.0,1.1,1.6,3.5,5.7,61.9,1.9,0.1,0.0
서울 SK,오세근,2019-2020,안양 KGC,26:59,26.98,17.0,9.0,8.0,13.8,6.1,11.8,51.5,0.0,0.0,0.0,6.1,11.8,51.5,1.6,2.3,71.8,1.4,3.4,4.8,1.6,0.6,0.2,0.1,0.0,0.0,0.8,1.7,4.5,8.1,55.1,1.8,0.0,0.0
서울 SK,오세근,2018-2019,안양 KGC,27:35,27.58,25.0,14.0,11.0,14.3,5.8,10.9,52.7,0.0,0.0,100.0,5.8,11.0,52.9,2.6,3.4,78.6,2.3,5.8,8.0,2.4,1.2,0.6,0.1,0.0,0.0,1.4,1.8,4.3,7.6,57.1,-3.0,0.4,0.0
서울 SK,오세근,2017-2018,안양 KGC,33:26,33.43,40.0,24.0,16.0,18.7,7.5,14.0,53.8,0.0,0.0,0.0,7.5,14.0,53.7,3.7,5.2,70.8,2.9,6.1,9.0,4.0,1.3,1.1,0.1,0.0,0.0,1.7,1.7,5.7,9.5,60.1,5.1,0.4,0.0
서울 SK,오세근,2016-2017,안양 KGC,32:38,32.63,54.0,39.0,15.0,14.0,6.0,11.1,53.8,0.0,0.1,0.0,6.0,11.1,53.6,2.1,2.7,75.0,2.7,5.7,8.4,3.4,1.4,1.0,0.1,0.0,0.0,1.7,2.2,4.4,7.1,62.2,5.1,0.4,0.0
서울 SK,오세근,2015-2016,안양 KGC,29:46,29.77,34.0,18.0,16.0,12.3,5.4,9.4,57.2,0.0,0.0,100.0,5.4,9.4,57.4,1.5,2.2,69.3,2.4,4.9,7.3,2.0,0.6,0.6,0.0,0.0,0.0,1.0,1.9,4.1,6.3,64.7,-0.4,0.1,0.0
서울 SK,오세근,2014-2015,안양 KGC,28:38,28.63,32.0,16.0,16.0,12.6,5.3,11.3,46.3,0.1,0.2,33.3,5.3,11.5,46.1,1.9,2.7,69.8,1.9,4.9,6.9,2.6,1.2,0.9,0.1,0.0,0.0,1.8,1.9,3.7,6.8,54.2,1.3,0.2,0.0
서울 SK,오세근,2013-2014,안양 KGC,23:17,23.28,49.0,17.0,32.0,9.5,3.8,8.6,44.2,0.1,0.4,15.0,3.9,9.0,42.9,1.7,2.2,77.6,1.8,3.5,5.3,2.0,0.8,0.8,0.0,0.0,0.0,1.3,1.5,2.6,5.1,51.6,0.6,0.1,0.0
서울 SK,오세근,2011-2012,안양 KGC,31:43,31.72,52.0,36.0,16.0,15.0,6.3,11.3,55.8,0.0,0.1,25.0,6.3,11.4,55.6,2.3,3.1,74.5,2.9,5.3,8.1,1.5,1.5,1.3,0.2,0.2,0.2,1.4,2.6,5.4,8.5,62.8,8.4,0.3,0.0
서울 SK,오재현,2025-2026,서울 SK,24:03,24.05,41.0,25.0,16.0,7.4,2.0,3.9,51.3,0.8,2.8,28.4,2.8,6.7,41.6,1.0,1.6,62.1,0.7,2.0,2.7,2.1,0.6,0.2,0.2,0.0,0.0,1.2,2.3,1.8,3.3,54.0,2.3,0.0,0.0
서울 SK,오재현,2024-2025,서울 SK,29:30,29.5,49.0,37.0,12.0,9.6,2.7,5.2,52.2,1.0,3.8,25.5,3.7,9.0,41.0,1.3,1.6,83.1,0.8,2.3,3.1,3.4,1.6,0.2,0.2,0.0,0.0,1.5,2.6,2.4,4.5,53.9,4.1,0.0,0.0
서울 SK,오재현,2023-2024,서울 SK,27:12,27.2,51.0,30.0,21.0,11.1,2.9,5.6,51.0,1.2,3.7,32.3,4.1,9.4,43.6,1.8,2.1,85.7,0.6,2.2,2.8,2.8,1.3,0.1,0.1,0.0,0.0,1.4,2.8,2.5,4.3,58.2,0.5,0.0,0.0
서울 SK,오재현,2022-2023,서울 SK,20:06,20.1,54.0,36.0,18.0,6.6,1.5,2.9,52.2,0.9,2.9,31.6,2.4,5.8,41.9,0.7,1.2,62.5,0.7,1.7,2.4,1.5,0.9,0.2,0.1,0.0,0.0,0.7,2.5,1.3,2.3,56.0,-0.1,0.0,0.0
서울 SK,오재현,2021-2022,서울 SK,14:15,14.25,47.0,34.0,13.0,3.4,0.9,1.7,51.2,0.4,1.2,31.0,1.3,3.0,42.9,0.5,0.8,64.9,0.5,0.9,1.4,1.2,0.4,0.2,0.1,0.0,0.0,0.6,2.0,0.7,1.3,55.0,1.2,0.0,0.0
서울 SK,오재현,2020-2021,서울 SK,17:47,17.78,37.0,14.0,23.0,5.9,1.9,3.8,50.0,0.5,2.0,25.7,2.4,5.8,41.7,0.5,0.8,61.3,0.4,1.9,2.3,1.6,1.1,0.2,0.1,0.0,0.0,1.2,2.2,1.5,3.1,47.4,-0.2,0.0,0.0
서울 SK,이민서,2025-2026,서울 SK,10:43,10.72,28.0,15.0,13.0,2.5,0.3,1.1,22.6,0.3,1.5,21.4,0.6,2.6,21.9,1.0,1.3,78.4,0.2,0.5,0.7,1.4,0.4,0.0,0.1,0.0,0.0,0.7,1.3,0.2,0.8,27.3,-0.5,0.0,0.0
서울 SK,임현택,2022-2023,서울 SK,0:52,0.87,2.0,1.0,1.0,0.0,0.0,0.0,0.0,0.0,0.5,0.0,0.0,0.5,0.0,0.0,0.0,0.0,0.0,0.5,0.5,0.0,0.0,0.0,0.0,0.0,0.0,0.0,0.0,0.0,0.0,0.0,1.0,0.0,0.0
서울 SK,자밀 워니,2025-2026,서울 SK,33:42,33.7,50.0,31.0,19.0,23.2,7.9,15.9,49.9,1.7,5.9,29.0,9.6,21.8,44.2,2.2,3.2,67.1,2.3,8.6,10.9,4.8,1.2,1.0,0.0,0.7,0.7,1.9,1.5,5.9,11.1,53.4,2.9,0.6,0.1
서울 SK,자밀 워니,2024-2025,서울 SK,33:10,33.17,54.0,41.0,13.0,22.6,8.1,15.6,51.8,1.4,5.3,26.6,9.5,20.9,45.4,2.2,3.3,68.4,2.3,9.6,11.9,4.4,1.5,0.9,0.0,1.0,1.0,2.0,1.3,6.9,12.2,56.7,6.2,0.8,0.1
서울 SK,자밀 워니,2023-2024,서울 SK,33:38,33.63,52.0,31.0,21.0,23.8,9.3,18.0,51.8,1.0,3.2,30.1,10.3,21.2,48.5,2.2,3.9,57.7,3.4,8.1,11.5,4.5,1.0,1.1,0.0,0.9,0.9,1.6,1.3,8.8,16.3,53.9,4.5,0.6,0.0
서울 SK,자밀 워니,2022-2023,서울 SK,33:03,33.05,54.0,36.0,18.0,24.2,10.0,18.5,53.9,0.4,1.6,24.7,10.4,20.2,51.5,3.0,4.6,66.4,3.1,8.1,11.2,3.1,1.3,0.9,0.1,1.1,1.2,1.8,1.6,9.4,16.6,56.5,3.2,0.7,0.0
서울 SK,자밀 워니,2021-2022,서울 SK,31:44,31.73,45.0,35.0,10.0,22.1,9.2,17.2,53.4,0.3,1.2,25.9,9.5,18.4,51.6,2.8,3.8,74.6,4.0,8.6,12.5,3.1,1.1,0.6,0.0,0.6,0.6,1.5,1.1,8.6,15.7,55.0,8.1,0.8,0.0
서울 SK,자밀 워니,2020-2021,서울 SK,24:59,24.98,54.0,24.0,30.0,17.7,6.2,12.6,49.5,0.9,2.8,32.9,7.2,15.4,46.5,2.5,3.5,70.2,2.4,6.2,8.6,2.0,1.1,0.5,0.0,0.4,0.4,2.1,1.3,5.9,11.6,50.5,-1.9,0.3,0.0
서울 SK,자밀 워니,2019-2020,서울 SK,27:51,27.85,43.0,28.0,15.0,20.4,9.0,16.7,54.0,0.0,0.2,0.0,9.0,16.9,53.4,2.3,3.3,70.4,3.6,6.9,10.4,3.1,1.1,0.7,0.0,1.0,1.0,2.0,1.2,8.5,14.9,56.9,4.3,0.5,0.0
서울 SK,전성환,2024-2025,서울 SK,7:38,7.63,2.0,2.0,0.0,0.0,0.0,0.5,0.0,0.0,0.0,0.0,0.0,0.5,0.0,0.0,0.0,0.0,0.0,0.5,0.5,1.0,0.0,0.0,0.0,0.0,0.0,0.5,1.5,0.0,0.5,0.0,1.0,0.0,0.0
서울 SK,전성환,2023-2024,서울 SK,6:18,6.3,4.0,1.0,3.0,2.3,0.8,1.0,75.0,0.3,0.8,33.3,1.0,1.8,57.1,0.0,0.0,0.0,0.5,0.3,0.8,0.5,0.0,0.0,0.3,0.0,0.0,1.0,1.0,0.0,0.0,0.0,-4.7,0.0,0.0
서울 SK,전성환,2020-2021,고양 오리온,1:15,1.25,4.0,2.0,2.0,0.5,0.0,0.0,0.0,0.0,0.0,0.0,0.0,0.0,0.0,0.5,0.5,100.0,0.0,0.3,0.3,0.3,0.0,0.0,0.0,0.0,0.0,0.0,0.3,0.0,0.0,0.0,-0.2,0.0,0.0
서울 SK,전성환,2019-2020,고양 오리온,9:28,9.47,17.0,4.0,13.0,1.4,0.4,0.9,43.8,0.2,0.9,18.8,0.6,1.9,31.3,0.1,0.3,20.0,0.2,0.7,0.9,1.8,0.3,0.0,0.2,0.0,0.0,1.4,1.1,0.4,0.8,46.2,0.4,0.0,0.0
서울 SK,전준범,2025-2026,울산 현대모비스,9:16,9.27,19.0,7.0,12.0,2.0,0.2,0.5,33.3,0.4,1.4,29.6,0.6,1.9,30.6,0.4,0.5,88.9,0.1,0.7,0.8,0.3,0.3,0.0,0.0,0.0,0.0,0.4,1.6,0.1,0.2,50.0,-2.3,0.0,0.0
서울 SK,전준범,2024-2025,부산 KCC,16:04,16.07,40.0,13.0,27.0,5.2,0.6,1.2,46.8,1.3,3.3,38.2,1.8,4.5,40.4,0.4,0.5,66.7,0.3,1.2,1.5,1.1,0.4,0.1,0.1,0.0,0.0,0.6,1.9,0.5,0.9,61.8,-0.3,0.0,0.0
서울 SK,전준범,2023-2024,부산 KCC,8:31,8.52,24.0,12.0,12.0,1.5,0.1,0.4,33.3,0.3,1.3,22.6,0.4,1.7,25.0,0.4,0.5,69.2,0.2,0.5,0.7,0.2,0.2,0.1,0.0,0.0,0.0,0.3,1.1,0.0,0.2,25.0,-1.7,0.0,0.0
서울 SK,전준범,2022-2023,전주 KCC,14:59,14.98,35.0,16.0,19.0,4.5,1.0,1.9,51.5,0.6,1.9,32.4,1.6,3.8,41.8,0.6,0.7,91.7,0.2,1.7,1.8,0.9,0.3,0.2,0.1,0.0,0.0,0.7,1.9,1.0,1.5,64.2,0.7,0.0,0.0
서울 SK,전준범,2021-2022,전주 KCC,15:54,15.9,35.0,15.0,20.0,4.8,0.5,1.3,40.0,1.0,3.1,32.1,1.5,4.4,34.4,0.8,1.0,75.0,0.3,1.6,1.9,1.1,0.3,0.1,0.1,0.0,0.0,0.6,1.3,0.5,1.0,48.6,0.1,0.0,0.0
서울 SK,전준범,2020-2021,울산 현대모비스,17:31,17.52,39.0,22.0,17.0,5.6,0.8,1.4,60.4,1.2,3.4,34.6,2.0,4.8,41.9,0.4,0.5,85.0,0.4,1.8,2.3,0.9,0.2,0.2,0.0,0.0,0.0,0.7,1.5,0.7,0.9,78.4,-0.9,0.0,0.0
서울 SK,전준범,2019-2020,울산 현대모비스,19:12,19.2,3.0,1.0,2.0,5.7,0.7,2.0,33.3,1.0,2.7,37.5,1.7,4.7,35.7,1.3,2.0,66.7,1.7,1.0,2.7,0.7,0.3,0.0,0.0,0.0,0.0,1.3,1.3,0.7,1.3,50.0,6.0,0.0,0.0
서울 SK,전준범,2017-2018,울산 현대모비스,28:16,28.27,52.0,32.0,20.0,9.0,0.9,2.2,39.8,2.3,6.2,37.1,3.2,8.3,37.8,0.4,0.5,81.5,0.7,2.2,2.8,1.4,0.9,0.2,0.1,0.0,0.0,0.9,2.3,0.6,1.2,54.1,2.7,0.0,0.0
서울 SK,전준범,2016-2017,울산 모비스,28:59,28.98,43.0,22.0,21.0,10.4,1.1,2.5,45.4,2.5,6.0,41.6,3.6,8.5,42.7,0.7,1.0,73.2,0.9,2.1,3.0,1.5,0.6,0.3,0.1,0.0,0.0,1.1,2.3,0.7,1.3,59.3,-1.9,0.0,0.0
서울 SK,전준범,2015-2016,울산 모비스,25:04,25.07,54.0,36.0,18.0,9.3,1.6,2.8,56.9,1.8,4.7,38.3,3.4,7.5,45.3,0.7,0.9,79.6,0.4,2.4,2.8,1.1,0.7,0.3,0.0,0.0,0.0,1.1,1.6,1.0,1.6,64.7,4.1,0.0,0.0
서울 SK,전준범,2014-2015,울산 모비스,16:35,16.58,53.0,38.0,15.0,4.7,0.9,1.7,52.7,0.8,2.3,35.8,1.7,4.0,43.0,0.4,0.6,66.7,0.4,1.3,1.7,0.9,0.4,0.1,0.0,0.0,0.0,0.7,1.7,0.7,1.0,69.8,1.4,0.0,0.0
서울 SK,전준범,2013-2014,울산 모비스,9:30,9.5,39.0,27.0,12.0,2.1,0.5,1.0,52.5,0.3,1.2,22.9,0.8,2.3,36.4,0.1,0.3,38.5,0.4,0.8,1.2,0.8,0.2,0.1,0.0,0.0,0.0,0.5,0.9,0.3,0.6,52.2,1.5,0.0,0.0
서울 SK,최부경,2025-2026,서울 SK,15:32,15.53,51.0,31.0,20.0,3.2,1.0,1.8,56.4,0.1,0.5,29.2,1.2,2.3,50.8,0.7,0.9,70.8,1.3,1.8,3.0,0.7,0.3,0.1,0.1,0.0,0.0,0.4,1.7,1.0,1.6,61.9,1.9,0.0,0.0
서울 SK,최부경,2024-2025,서울 SK,18:17,18.28,46.0,37.0,9.0,4.4,1.3,2.4,52.3,0.3,0.8,30.8,1.5,3.3,46.7,1.1,1.3,82.3,1.6,2.1,3.8,0.8,0.4,0.3,0.1,0.0,0.1,0.6,2.0,1.1,1.9,55.7,2.9,0.0,0.0
서울 SK,최부경,2023-2024,서울 SK,19:04,19.07,47.0,28.0,19.0,5.7,2.1,4.8,45.1,0.0,0.1,0.0,2.1,4.9,43.9,1.4,1.6,90.7,1.4,2.9,4.3,0.7,0.5,0.2,0.2,0.0,0.0,0.7,2.5,1.8,3.3,54.9,0.1,0.0,0.0
서울 SK,최부경,2022-2023,서울 SK,23:14,23.23,50.0,35.0,15.0,7.2,3.0,5.3,56.4,0.0,0.1,0.0,3.0,5.4,55.6,1.2,1.7,73.5,2.0,3.0,5.0,1.0,0.9,0.3,0.2,0.1,0.1,0.6,2.2,2.5,3.4,73.3,3.6,0.0,0.0
서울 SK,최부경,2021-2022,서울 SK,17:11,17.18,53.0,39.0,14.0,4.7,1.9,3.6,52.6,0.1,0.4,15.8,1.9,3.9,49.3,0.8,1.1,71.4,1.1,2.1,3.2,0.7,0.5,0.2,0.1,0.1,0.1,0.6,2.1,1.2,2.0,60.0,1.5,0.0,0.0
서울 SK,최부경,2020-2021,서울 SK,21:41,21.68,54.0,24.0,30.0,5.5,2.1,4.6,46.8,0.0,0.0,0.0,2.1,4.6,46.6,1.2,1.6,75.0,2.1,3.1,5.2,1.1,0.6,0.3,0.1,0.1,0.1,1.0,2.5,1.6,3.0,52.5,-1.4,0.1,0.0
서울 SK,최부경,2019-2020,서울 SK,17:37,17.62,43.0,28.0,15.0,4.1,1.7,3.3,51.1,0.0,0.1,0.0,1.7,3.4,49.7,0.7,1.1,68.1,1.5,2.5,4.0,1.2,0.5,0.1,0.1,0.0,0.0,0.4,2.2,1.5,2.1,70.7,1.8,0.0,0.0
서울 SK,최부경,2018-2019,서울 SK,24:44,24.73,50.0,18.0,32.0,7.1,3.0,6.8,44.1,0.0,0.0,0.0,3.0,6.8,44.0,1.2,1.7,70.2,1.7,3.5,5.1,1.2,0.5,0.4,0.2,0.0,0.0,0.9,2.6,1.7,3.4,50.0,-3.0,0.1,0.0
서울 SK,최부경,2017-2018,서울 SK,25:20,25.33,51.0,34.0,17.0,8.2,3.2,6.8,47.8,0.0,0.1,25.0,3.3,6.8,47.6,1.7,2.3,72.0,2.3,2.6,4.9,1.5,0.6,0.2,0.2,0.1,0.1,1.1,3.0,2.1,3.8,55.6,0.9,0.0,0.0
서울 SK,최부경,2016-2017,서울 SK,28:51,28.85,22.0,12.0,10.0,9.2,3.7,8.4,44.0,0.0,0.0,0.0,3.7,8.4,44.0,1.9,2.5,75.9,2.3,3.2,5.5,1.5,0.9,0.6,0.3,0.1,0.1,1.6,2.8,2.2,4.5,49.0,1.4,0.1,0.0
서울 SK,최부경,2014-2015,서울 SK,20:46,20.77,48.0,31.0,17.0,5.3,2.2,6.0,36.7,0.0,0.0,0.0,2.2,6.0,36.6,0.9,1.4,62.7,1.5,2.4,3.8,1.4,0.6,0.3,0.1,0.0,0.0,0.8,2.8,1.6,3.8,41.4,0.5,0.0,0.0
서울 SK,최부경,2013-2014,서울 SK,27:56,27.93,51.0,34.0,17.0,8.7,3.7,7.6,48.3,0.0,0.0,0.0,3.7,7.6,48.2,1.4,2.0,70.0,1.9,3.6,5.5,1.7,0.5,0.3,0.3,0.0,0.0,1.3,2.7,2.5,4.7,53.1,2.7,0.0,0.0
서울 SK,최부경,2012-2013,서울 SK,29:30,29.5,54.0,44.0,10.0,8.5,3.4,7.1,47.7,0.0,0.0,0.0,3.4,7.1,47.5,1.7,2.1,80.7,2.1,4.2,6.4,1.8,0.7,0.3,0.2,0.1,0.1,1.6,2.5,2.6,4.9,52.7,5.5,0.1,0.0
서울 SK,최원혁,2025-2026,서울 SK,13:22,13.37,38.0,23.0,15.0,1.5,0.2,0.5,31.6,0.3,1.2,24.4,0.4,1.7,26.6,0.3,0.3,100.0,1.1,1.2,2.3,1.1,0.8,0.1,0.1,0.0,0.0,0.6,1.5,0.1,0.4,28.6,1.8,0.0,0.0
서울 SK,최원혁,2024-2025,서울 SK,16:09,16.15,54.0,41.0,13.0,2.2,0.4,0.7,51.3,0.4,1.4,30.7,0.8,2.1,37.7,0.2,0.3,70.6,1.1,1.2,2.3,1.6,0.8,0.1,0.1,0.0,0.0,0.7,2.1,0.4,0.6,57.1,1.9,0.0,0.0
서울 SK,최원혁,2023-2024,서울 SK,22:55,22.92,48.0,28.0,20.0,3.6,0.6,1.3,44.4,0.7,2.0,34.7,1.3,3.4,38.5,0.3,0.4,76.2,1.1,1.7,2.9,3.1,0.9,0.0,0.1,0.0,0.0,1.0,2.9,0.5,1.1,49.1,2.4,0.0,0.0
서울 SK,최원혁,2022-2023,서울 SK,12:02,12.03,36.0,24.0,12.0,2.0,0.5,0.8,58.6,0.3,1.2,25.0,0.8,2.0,38.4,0.1,0.2,57.1,0.8,0.8,1.6,1.1,0.6,0.1,0.1,0.0,0.0,0.3,1.9,0.4,0.6,63.6,0.1,0.0,0.0
서울 SK,최원혁,2021-2022,서울 SK,15:25,15.42,51.0,38.0,13.0,2.4,0.4,0.8,48.8,0.4,1.3,32.8,0.8,2.1,39.3,0.4,0.5,64.3,0.9,1.6,2.5,1.8,0.7,0.0,0.1,0.0,0.0,0.8,2.3,0.4,0.7,51.4,3.4,0.0,0.0
서울 SK,최원혁,2020-2021,서울 SK,8:29,8.48,2.0,0.0,2.0,0.0,0.0,0.0,0.0,0.0,0.0,0.0,0.0,0.0,0.0,0.0,0.0,0.0,0.5,0.5,1.0,0.0,0.0,0.0,0.0,0.0,0.0,1.5,0.5,0.0,0.0,0.0,-3.0,0.0,0.0
서울 SK,최원혁,2018-2019,서울 SK,12:08,12.13,54.0,20.0,34.0,1.5,0.5,0.9,57.4,0.1,0.7,12.8,0.6,1.6,37.2,0.2,0.4,50.0,0.5,1.4,1.9,1.6,0.5,0.2,0.1,0.0,0.0,0.6,1.7,0.3,0.5,62.1,-2.2,0.0,0.0
서울 SK,최원혁,2017-2018,서울 SK,6:26,6.43,35.0,24.0,11.0,1.0,0.2,0.5,37.5,0.2,0.5,37.5,0.3,0.9,37.5,0.1,0.1,100.0,0.4,0.6,1.1,1.1,0.3,0.0,0.0,0.0,0.0,0.4,1.7,0.1,0.3,45.5,0.3,0.0,0.0
서울 SK,최원혁,2016-2017,서울 SK,5:43,5.72,42.0,20.0,22.0,0.7,0.1,0.3,38.5,0.1,0.3,38.5,0.2,0.6,38.5,0.1,0.1,75.0,0.3,0.5,0.8,0.4,0.1,0.0,0.0,0.0,0.0,0.3,1.2,0.1,0.2,33.3,-0.5,0.0,0.0
서울 SK,최원혁,2015-2016,서울 SK,12:24,12.4,44.0,17.0,27.0,2.7,0.7,1.4,49.2,0.3,1.1,28.0,1.0,2.6,39.8,0.3,0.5,70.0,0.7,1.0,1.7,1.7,0.5,0.1,0.0,0.0,0.0,0.7,1.6,0.5,0.9,56.1,-1.5,0.0,0.0
서울 SK,최원혁,2014-2015,서울 SK,3:55,3.92,13.0,9.0,4.0,0.8,0.4,0.8,50.0,0.0,0.2,0.0,0.4,1.0,38.5,0.0,0.0,0.0,0.5,0.3,0.8,0.3,0.2,0.0,0.0,0.0,0.0,0.5,0.4,0.3,0.6,50.0,-2.4,0.0,0.0
서울 SK,프레디,2025-2026,서울 SK,14:56,14.93,1.0,0.0,1.0,8.0,2.0,5.0,40.0,0.0,0.0,0.0,2.0,5.0,40.0,4.0,4.0,100.0,4.0,3.0,7.0,0.0,0.0,0.0,0.0,0.0,0.0,1.0,1.0,2.0,5.0,40.0,7.0,0.0,0.0
서울 SK,아이재아 힉스,2025-2026,수원 KT,17:14,17.23,45.0,22.0,23.0,10.6,3.4,6.0,56.3,0.6,1.9,28.7,3.9,7.9,49.6,2.1,2.8,77.4,1.0,3.3,4.3,1.2,0.5,0.4,0.0,0.4,0.4,1.8,2.0,2.6,4.5,57.2,-2.7,0.0,0.0
서울 SK,아이재아 힉스,2024-2025,서울 SK,7:37,7.62,48.0,36.0,12.0,5.0,1.7,3.1,55.3,0.3,1.1,26.9,2.0,4.2,48.0,0.7,1.0,70.8,0.8,0.9,1.7,0.6,0.3,0.4,0.0,0.3,0.3,0.6,1.1,1.6,2.7,58.9,-0.7,0.0,0.0
서울 SK,아이재아 힉스,2021-2022,서울 삼성,23:43,23.72,24.0,7.0,17.0,17.9,7.0,11.5,60.6,0.3,1.1,22.2,7.3,12.7,57.2,3.1,4.2,74.3,2.3,5.3,7.5,1.5,0.7,1.0,0.0,0.8,0.9,2.7,2.9,5.8,8.9,65.7,-3.5,0.3,0.0
서울 SK,아이재아 힉스,2020-2021,서울 삼성,24:46,24.77,54.0,24.0,30.0,17.3,6.0,10.5,57.2,0.8,2.3,35.5,6.8,12.8,53.3,2.8,3.5,79.1,2.0,5.4,7.4,1.8,0.7,1.5,0.0,0.8,0.9,2.1,3.1,5.5,8.9,61.7,0.2,0.2,0.0
